-- phpMyAdmin SQL Dump
-- version 4.9.0.1
-- https://www.phpmyadmin.net/
--
-- Hôte : localhost:8889
-- Généré le :  mar. 03 déc. 2019 à 10:23
-- Version du serveur :  5.7.26
-- Version de PHP :  7.3.8

SET FOREIGN_KEY_CHECKS=0;
SET SQL_MODE = "NO_AUTO_VALUE_ON_ZERO";
SET time_zone = "+00:00";

--
-- Base de données :  `kenza_db`
--

-- --------------------------------------------------------

--
-- Structure de la table `customers`
--

CREATE TABLE `customers` (
  `id` int(11) NOT NULL,
  `email` varchar(255) DEFAULT NULL,
  `phone` varchar(255) DEFAULT NULL,
  `password` varchar(255) DEFAULT NULL,
  `last_password` varchar(255) DEFAULT NULL,
  `first_name` varchar(255) DEFAULT NULL,
  `last_name` varchar(255) DEFAULT NULL,
  `newsletter` tinyint(4) DEFAULT NULL,
  `active` tinyint(4) DEFAULT NULL,
  `created_at` datetime DEFAULT CURRENT_TIMESTAMP ON UPDATE CURRENT_TIMESTAMP,
  `updated_at` datetime DEFAULT CURRENT_TIMESTAMP,
  `device` varchar(255) DEFAULT NULL,
  `expire_at` datetime DEFAULT NULL,
  `last_login` datetime DEFAULT NULL
) ENGINE=InnoDB DEFAULT CHARSET=utf8;

--
-- Déchargement des données de la table `customers`
--

INSERT INTO `customers` (`id`, `email`, `phone`, `password`, `last_password`, `first_name`, `last_name`, `newsletter`, `active`, `created_at`, `updated_at`, `device`, `expire_at`, `last_login`) VALUES
(1, 'leslie27@example.org', '51625375', '$2y$10$Kw3aVzASvpUICpf5ew3tHu/9k.0vL7cBeuOxYPqZUCvkimXkm/Lbq', '$2y$10$6pRZ/o.jdczj7wFuqEHT0OTzXAe1rQOVvg6XL/mCfIayDSecTHnkC', 'Abelardo', 'Oberbrunner', 1, 1, '2019-11-24 05:51:29', '2019-11-24 05:51:29', 'Android', '2020-05-25 11:40:35', '2019-11-17 14:20:44'),
(2, 'hgrady@example.net', '4805745', '$2y$10$M1yx9N4AEuRYIrdcahbAsOSX.9UCDKWrlfJkKoPPzAF1IJAISAOS6', '$2y$10$AUqiSaAvvUE11jwH6hs40ewtq.9gxfFN6HMCDRAVm2siBM6QntnBu', 'Ford', 'Okuneva', 1, 0, '2019-11-24 05:51:29', '2019-11-24 05:51:29', 'Iphone', '2020-11-14 10:56:39', '2019-11-18 14:37:27'),
(3, 'mariana94@example.org', '55825856', '$2y$10$N2EI6hxMJ8Sekynr2fmwWeHWPLHjDvOYfKnvTCIsQY/Daa.xbFmU6', '$2y$10$HAcWhIgvSXfOgwcFAdAZje3FHcm4KsJBnA0NuB4u/4t6WfKinPMAK', 'Eli', 'Cummerata', 0, 0, '2019-11-24 05:51:29', '2019-11-24 05:51:29', 'Iphone', '2020-05-16 19:39:25', '2019-10-28 22:52:40'),
(4, 'flatley.bethel@example.com', '79359196', '$2y$10$/i4Ad1TOCcDWI1FmskwLReYFUn3a/WhA5MBHF2aXywwfXLXxMDKwi', '$2y$10$w4/lu2SKq2oCfk0tJtRspOeb3bECYrkK86EnxIAAFvrX.LFjPhnAC', 'Demetrius', 'Watsica', 1, 0, '2019-11-24 05:51:29', '2019-11-24 05:51:29', 'browser', '2020-04-27 16:58:01', '2019-11-05 03:58:47'),
(5, 'damien83@example.org', '86175666', '$2y$10$nVRjJHrI7VTzLFHHb.GJE.MshAGU7wmSgRA2jbEf48kCw8gxLfQN.', '$2y$10$OodA1.s86Ty93o3shoUv5eH7C23f5IZTsGfTB86lRW/NwxdYbgHju', 'Karley', 'Corkery', 0, 1, '2019-11-24 05:51:29', '2019-11-24 05:51:29', 'Android', '2020-06-02 12:08:23', '2019-10-31 17:57:22'),
(6, 'eemmerich@example.net', '42871620', '$2y$10$qGs2m6IAtsz5dg6wHvep.eKJH8u/Pej.KgSh3gxdOOchele5WCeRq', '$2y$10$Jq.OI2OFqKgHs.TFq5QifeQ6Ojsl6LlhQXDJCGd/F/WkON7uABpMe', 'Catalina', 'O\'Connell', 0, 1, '2019-11-24 05:51:29', '2019-11-24 05:51:29', 'Android', '2020-03-30 01:45:45', '2019-10-31 12:55:09'),
(7, 'smitham.bennie@example.net', '49815648', '$2y$10$YjZ/bo6F0yYEn2ubOj6GHuJDeL.uLnKbDKlK8BaOHsZyfAuOxsh5K', '$2y$10$r2FWSEaaadbbyd2hwKsqP.eny48v2YkFYUsfapZ.xuSXKuELQPL8K', 'Allene', 'Nikolaus', 1, 0, '2019-11-24 05:51:29', '2019-11-24 05:51:29', 'Android', '2020-02-21 06:45:33', '2019-11-04 05:40:37'),
(8, 'zulauf.gaetano@example.net', '45705234', '$2y$10$h1.M4SrTGI3G9nWGVLm7iuqwRjHLwENk/pY7uU3/do2pDpr3xpZdi', '$2y$10$B8cT6.FdKmbWyP69LG0hOui7A/F72/S78grI0f39.tIGO85p9RX2O', 'Monserrat', 'Aufderhar', 0, 1, '2019-11-24 05:51:29', '2019-11-24 05:51:29', 'Iphone', '2020-11-23 14:17:55', '2019-11-01 11:25:36'),
(9, 'hill.easton@example.com', '41535199', '$2y$10$9N5fGf3VwLjlbCdqEqSydOWlS7CHR/foqAFQASB7PUehzq38hPo0S', '$2y$10$jR1jNbIPhFQYn.7MetiDR.9XSWMjXMFI0rnuS/1EvJP.KGR0I3oTq', 'Margarette', 'Langosh', 1, 1, '2019-11-24 05:51:29', '2019-11-24 05:51:29', 'browser', '2020-02-12 03:22:19', '2019-11-10 00:46:02'),
(10, 'devan.brekke@example.org', '77026081', '$2y$10$r6zzqrlGfHWXLiDLXMPL2uU/gDz62iaOKkAzYrGu3xPbsqKOqZM0O', '$2y$10$Y9WVtBKZUmueiWxCe62dGe71hXdr281eLgzyDZ.fmwR/ahqNCb0O2', 'Laron', 'Schumm', 0, 1, '2019-11-24 05:51:29', '2019-11-24 05:51:29', 'Android', '2020-08-20 05:35:35', '2019-11-15 13:08:22'),
(11, 'kaya.fadel@example.net', '32664375', '$2y$10$uK6wwTxBAzpnf3thpX8UWe7aJWz3TuQEdYwyY7MwMUhXiD.QRtmcm', '$2y$10$.3VQo.qPjtiP/50OxozGQuudnknQ4ZfOf4Dx3tZDUp28V846u8rHO', 'Jonathon', 'Turner', 0, 0, '2019-11-24 05:51:29', '2019-11-24 05:51:29', 'browser', '2020-08-30 23:04:13', '2019-11-23 13:57:03'),
(12, 'garland10@example.org', '42449669', '$2y$10$I.jPpdWhhp2YP3nlaAyNWekB5OBuOejIIa9bjhu0.j9i5a7O7QVFS', '$2y$10$FLgtmGl6ndMXNWGjx9rByu0wOv5hC51Mdj8tRZIVoftUxg2Ot3RCu', 'Johnnie', 'Tremblay', 0, 1, '2019-11-24 05:51:29', '2019-11-24 05:51:29', 'browser', '2020-11-20 12:10:40', '2019-10-28 09:12:52'),
(13, 'bulah.feeney@example.org', '10536372', '$2y$10$6qmIphnsMg5tMJyN05aNzen/MXJrkqyqU7ZEB0xUyasFj/aP7f/wW', '$2y$10$o6g5BWuwJIHw5WnPH1i1ZeySF0MXNPGAA2mkahVrTTGiaoDnPXrXi', 'Ericka', 'Schulist', 0, 0, '2019-11-24 05:51:29', '2019-11-24 05:51:29', 'browser', '2020-01-23 04:37:51', '2019-11-19 17:06:07'),
(14, 'barton.gregg@example.net', '34240005', '$2y$10$SMRX9bzOERZEf8myiMSe9ep.zhFgBApsBGWL2T319.0AlHoh5JKuS', '$2y$10$HgpqVeNgZCXtENcB2naOdOvuf2RKUYl9gPlHLfAt9VWoEgTPJefti', 'Dell', 'Walsh', 0, 0, '2019-11-24 05:51:29', '2019-11-24 05:51:29', 'browser', '2020-09-23 04:38:30', '2019-11-10 09:23:47'),
(15, 'kaleb58@example.net', '29511032', '$2y$10$3xcq6dxU6ON/BQ2NgOTLNe1ceatrQRB5m47KtjgrggPf1v41jz1VS', '$2y$10$MhyTklu5sIrE67nrxgM5DO9dF3ki2uUv5SLTo7ODCkrRRzk9.k0re', 'Rozella', 'Kiehn', 0, 1, '2019-11-24 05:51:29', '2019-11-24 05:51:29', 'browser', '2020-01-17 19:25:09', '2019-11-13 10:57:44'),
(16, 'hazel98@example.net', '85648692', '$2y$10$waMjrnCUoJXC4FeJ3hsYD.2onrjvMD38lY8pZT6fKxlAYRgAGjawm', '$2y$10$HpW7HJtcELEmGJmQzcgysunFoZTlUKncOO0Ah5346wsUhsAlDtL9q', 'Misty', 'Wiegand', 0, 1, '2019-11-24 05:51:29', '2019-11-24 05:51:29', 'Iphone', '2020-09-11 10:57:42', '2019-11-06 02:51:21'),
(17, 'gail09@example.net', '65518062', '$2y$10$RKh4OMdd0TVOA1kYHINRG.88pZv/cwSa0mCf1RnoHNF5r8fC6/tOa', '$2y$10$jizzq/GsmiNSfkEwspfRdOyDiyz6tu98lhwTbmmkFNGxlp0irkfXa', 'Esteban', 'Ondricka', 0, 0, '2019-11-24 05:51:29', '2019-11-24 05:51:29', 'Android', '2020-01-26 04:31:24', '2019-11-05 19:11:34'),
(18, 'tomas65@example.com', '64675700', '$2y$10$3g0H0CLT7KhGrZoCuHCt4.t/UXYxA2FQ6pwnDcSj4dpc/xv4Ml2ea', '$2y$10$8nEyKHMEait7bcHSH/sldOxDNz.ANsZjuOejQ97WY83f3dMr8Qf5u', 'Joanie', 'Littel', 1, 1, '2019-11-24 05:51:29', '2019-11-24 05:51:29', 'Iphone', '2019-12-21 10:00:56', '2019-11-16 02:43:45'),
(19, 'coy54@example.org', '30904413', '$2y$10$GHq2ZFxDbk4fG4W5kLQRE.GbruNAudn7vMVvi1XvR1m0NeHFiLvrS', '$2y$10$k.M50FAn0J.EPFA7tda3YeNGT1Tfh.3S2cJzAcL8AUdPe5Nv0wDMC', 'Howard', 'Waelchi', 1, 0, '2019-11-24 05:51:29', '2019-11-24 05:51:29', 'Android', '2020-06-11 21:55:54', '2019-11-09 08:57:32'),
(20, 'emmanuelle.kohler@example.com', '88525323', '$2y$10$GXJL3VeANe/LKRmmSPn1B.gbiFP43N8fNULlVVUT6JZJb79jmR54m', '$2y$10$3obzJgSNhyvyPgOhdgyl8ejY0P3njd4YIf4PDG5rKEx5vlaWXS/MO', 'Stephon', 'Russel', 1, 1, '2019-11-24 05:51:29', '2019-11-24 05:51:29', 'browser', '2020-10-25 03:30:29', '2019-10-26 07:08:27'),
(21, 'price.alan@example.net', '3685596', '$2y$10$W80kn1.VTlLHfjJRGhA/GeyGEbUZ1Z834fG5Hqm1UbEA0cYunu752', '$2y$10$x0e66UBgPeaF7DQwdgmQTOBSZBE1aqaomLNB0oMqsMItOnZl3T/Kq', 'Forest', 'Beier', 1, 1, '2019-11-24 05:51:29', '2019-11-24 05:51:29', 'browser', '2019-11-24 07:21:54', '2019-11-02 21:54:58'),
(22, 'myra62@example.org', '20478897', '$2y$10$WKjuoIpOKDTxIusBXISW9uLoMUEYc2ItfBNoaXtFAijYzR5St9Yhy', '$2y$10$gXfIDwhAB6AgZ3JpF/qPgeLUSXinE1EMBqmnOjO4fMCaSgORffYVu', 'Jaeden', 'Wiegand', 0, 0, '2019-11-24 05:51:29', '2019-11-24 05:51:29', 'browser', '2020-07-21 08:28:32', '2019-11-22 16:21:45'),
(23, 'kihn.luther@example.org', '99995930', '$2y$10$DFC.dpvDIi1EA4IhPitlPOiWYShGMX1KRqRdlZUFfSLawj8LNpCcG', '$2y$10$B5TO/eXPd/j0U4bkqbXwH.DC1pLU/0AH.ufyh2MTKpddfbHTTdgBq', 'Cathy', 'Willms', 1, 0, '2019-11-24 05:51:29', '2019-11-24 05:51:29', 'Iphone', '2020-03-14 20:26:37', '2019-11-09 03:35:55'),
(24, 'choppe@example.org', '99152982', '$2y$10$4NPqL6bAsWa3kRUXYSD99.AUFrund7NO0cr6T91qA3Ai7GEcWoEEa', '$2y$10$iZOIss9LfAhb9/HU.OJXFOBR5sYdtlaogfxFJufGwEX1S3z24XFG6', 'Gilbert', 'Murazik', 1, 0, '2019-11-24 05:51:29', '2019-11-24 05:51:29', 'browser', '2020-10-02 23:33:41', '2019-10-27 19:02:49'),
(25, 'gstehr@example.net', '66464393', '$2y$10$1AXf0CW45cpBUNFZwwfUReBTwOWSHHc9XXc4.DSfJioXe/9wdu9mm', '$2y$10$qzyaO4YD8qST95gK6WO4veLITCZvg4iKLw.0ldY1SIvW1aVG5mvoq', 'Merl', 'Swift', 0, 0, '2019-11-24 05:51:29', '2019-11-24 05:51:29', 'Android', '2019-12-07 01:36:26', '2019-11-03 21:01:01'),
(26, 'hassan46@example.com', '6205599', '$2y$10$IkchUIVCJbR39Fl1YZidS.LVpnkQuP8W203MOwarCirecowJEqq1C', '$2y$10$U6LC33qiNPtU.yESEztZceASEfbiQzCYL8ZDAZt5wvEDcZVFv5RMu', 'Edd', 'Cummings', 1, 0, '2019-11-24 05:51:29', '2019-11-24 05:51:29', 'Android', '2020-11-20 12:25:14', '2019-11-03 16:37:59'),
(27, 'susan.cremin@example.org', '80888080', '$2y$10$Hmaoc1CaFu4KqX8QB200XOQZv5XFPqjDcgY6iq.LHJgYV3WGRMAcG', '$2y$10$f7qGNNrAoDraJY8McA0uPetPN4t9gtCVOVWYowBF8tjjMVCAgNO1i', 'Kenton', 'Hayes', 1, 0, '2019-11-24 05:51:29', '2019-11-24 05:51:29', 'Android', '2020-05-02 08:38:45', '2019-10-30 16:28:34'),
(28, 'ibeahan@example.com', '14252399', '$2y$10$ZhzO2ADz7KD.eRSn69KZ4O/iOKc9DY7t/ztOwA8Q9NExrO4bGXAnW', '$2y$10$t8hbalMFdFxUrJd37XXvnueFy/KxgcIkaReLbhuUitOsm5Qf7B4we', 'Ivory', 'Gaylord', 1, 0, '2019-11-24 05:51:29', '2019-11-24 05:51:29', 'Iphone', '2020-05-20 15:04:46', '2019-11-16 04:46:30'),
(29, 'okeefe.jacynthe@example.net', '71996172', '$2y$10$x/tofZnvE45dpVYLdpFh4.pBXKcBGTlfSqo5Tij3P.70UX6KdIpR.', '$2y$10$vbWz5c6hs.gBWZMpnwLT7.0f0ZrBTSq3tulejmuJWDgyH/S.4WTZC', 'Harmon', 'Schoen', 1, 1, '2019-11-24 05:51:29', '2019-11-24 05:51:29', 'browser', '2019-11-26 16:56:17', '2019-11-21 01:06:23'),
(30, 'fisher.constantin@example.com', '98194649', '$2y$10$ANvbbuwD9oP6WcXCQ4M3iud/e5ePLlDWci1AqMOwJEsZyLAOSPNB.', '$2y$10$b3FzW40SqEuY1izd1gu0X.4NzAMsCvBTHmalwrf8b2UqT0w4Dy3Om', 'Fiona', 'Kris', 0, 1, '2019-11-24 05:51:29', '2019-11-24 05:51:29', 'Android', '2020-06-17 09:11:18', '2019-11-21 11:30:18'),
(31, 'lysanne.runolfsson@example.com', '11473969', '$2y$10$U4xXyqYXHykc1cdnTsCl7eUhSbxz/2vnWbZ9wJWO9V9qkbhxmkbpK', '$2y$10$crdwlSaJ76PO6LRXidEL/.AsWd/MhR6VViF/WOhXFjagdR6EVbo1y', 'Verona', 'Kuphal', 1, 0, '2019-11-24 05:51:29', '2019-11-24 05:51:29', 'Iphone', '2020-04-23 10:29:27', '2019-10-26 16:02:19'),
(32, 'brooke86@example.net', '16268777', '$2y$10$NtADb8Q6A8iwMfvr/frFfORrQful283oolIdysFHR30E5/pscauEK', '$2y$10$lkd87gBmWRy/3I32cgyMjOI0tTDKLjLGFcW7B055Y/.MM5Qibuosu', 'Adolphus', 'Reynolds', 1, 1, '2019-11-24 05:51:29', '2019-11-24 05:51:29', 'Android', '2020-01-23 23:34:48', '2019-11-06 02:28:03'),
(33, 'bartell.gene@example.net', '76296793', '$2y$10$l48zFpSMDLVuv1INLRt7FOccgQJ.WfddMV392pbcBsIZ51Xy0A0TS', '$2y$10$kUk5Fw8qXCKX8jDSQOGl.eiJ3Zx8BPnLWXcSo3vhq3bfrXiuw1Dpu', 'Tyra', 'Wiegand', 0, 0, '2019-11-24 05:51:29', '2019-11-24 05:51:29', 'Iphone', '2020-05-13 18:12:46', '2019-11-03 15:29:43'),
(34, 'dicki.una@example.org', '40374875', '$2y$10$ChCLTcB9A0YEFO/ZKgsAHeBhcq/doDwhgcKn99MVqp/amXTAPbWXi', '$2y$10$8Qzx0XSEkGpLULjE.8zw2Oz6YQHzExbRK7sHidEkwW1FY6sRACeKK', 'Anabelle', 'Lowe', 0, 0, '2019-11-24 05:51:29', '2019-11-24 05:51:29', 'Android', '2020-02-08 05:51:46', '2019-11-15 20:21:19'),
(35, 'kohler.katrina@example.org', '83996831', '$2y$10$dRE.81JGtd//U9zXamYqYuhs9/961UFdcX7m2o4hrYk9FhOpVIBNi', '$2y$10$FG4vITl33qL/2FsxBZ9KHeVjX3u3c3NXScyjLannH2XVZk.3GGF9q', 'Gladyce', 'Kertzmann', 0, 0, '2019-11-24 05:51:29', '2019-11-24 05:51:29', 'Android', '2020-07-27 07:32:56', '2019-11-23 04:37:22'),
(36, 'wyman.jayde@example.org', '93948828', '$2y$10$15/Qkw4uP.zVOIXrrFLYhO6grI1G1yFUH1iizYeRqBFxGsn2WIWRS', '$2y$10$tggRAxeKy57eA5dnnCmq2.8e4wYLwgfUjaNT/J9laZp6DGFvAnc9W', 'Rodrick', 'Zemlak', 1, 1, '2019-11-24 05:51:29', '2019-11-24 05:51:29', 'Iphone', '2020-03-04 07:42:38', '2019-10-24 18:57:20'),
(37, 'jalon91@example.org', '69286303', '$2y$10$kpDY5O1ePnP0zPMtAzcsduWDRyHRS2eV6jCUr8.DO2Q736PXfO51C', '$2y$10$O5YLrp3MOhXBollCxlKrHeIfWgN/h03B.lqIVvePNsfJ7tgC3xPku', 'Agustin', 'Legros', 0, 1, '2019-11-24 05:51:29', '2019-11-24 05:51:29', 'Android', '2020-03-08 10:56:41', '2019-11-04 18:08:55'),
(38, 'jeffry45@example.net', '54726386', '$2y$10$BFzo.AQoC3L9OgnqPVaPHeVKLbHO2pAwjelqYulBGOr8g8pCeccfu', '$2y$10$lRKXe6Od6SSjlwW43jWioO5h0sxeyvDiQRhj1pgO.20sJwR3fd.3O', 'Tremayne', 'Eichmann', 0, 0, '2019-11-24 05:51:29', '2019-11-24 05:51:29', 'Android', '2019-12-29 12:54:26', '2019-11-08 23:48:14'),
(39, 'lsanford@example.org', '49391975', '$2y$10$v5V8cinVsAD5XF.hx53cF.bqu86sczSsJ2EVYTi/3OpOVpJQYJyIy', '$2y$10$pIZ4GW49.wU6H8gCYF1.De8O5g7bhWGwckCfaLdADnxo7wso5uaee', 'Baby', 'Nikolaus', 0, 1, '2019-11-24 05:51:29', '2019-11-24 05:51:29', 'browser', '2020-10-11 15:00:17', '2019-11-06 18:07:37'),
(40, 'shakira91@example.org', '54268377', '$2y$10$ZKw0Y9GXdoR1MvXKfi/yi.ni.Wotlgc794JFXE4af24xNKM92xl4y', '$2y$10$/Xx7sbVWTNP3/mq6E6pgB.Ej1eHsIU/QEyJJwR67F8SYuTL6tBAcC', 'Brayan', 'Farrell', 0, 0, '2019-11-24 05:51:29', '2019-11-24 05:51:29', 'Android', '2020-01-06 14:39:14', '2019-11-10 13:15:48'),
(41, 'jhickle@example.net', '68307185', '$2y$10$kQ/rG45u4UCtiCL4OPFOjuO6SSN5zTx49q4nBGy.JQDF.ym2dlde2', '$2y$10$ZJNiMLLPlanNxRSFXW9zfun08U46lRgow3QPqE0A9aIk23kNlZvuC', 'Raphaelle', 'Hudson', 1, 0, '2019-11-24 05:51:29', '2019-11-24 05:51:29', 'Iphone', '2020-04-29 20:17:57', '2019-10-28 20:36:15'),
(42, 'clark.sanford@example.com', '66064161', '$2y$10$r.YIycmhlIf.a3g4hZliFeUJFWYsxOfFLrrQVVjUhcvsCLyojvMTW', '$2y$10$digokCZibrYXw8F8Q9/M9.HtrqZkczoi02J2bLvWdPsyRunYKcPfK', 'Donna', 'Ankunding', 0, 0, '2019-11-24 05:51:29', '2019-11-24 05:51:29', 'Iphone', '2020-09-30 15:12:58', '2019-10-27 18:04:52'),
(43, 'lucas.damore@example.net', '19600690', '$2y$10$QEcvd3WIG8mBmDGJVVe3RO0HLW8EO/sKxDfJqxmrcwdp1nzur5Ae.', '$2y$10$8WZIDVKqisJafG4m5lNbdO7w7eJBVlg2l4M9PjKiXK18dF13efNXC', 'Bryce', 'Effertz', 1, 0, '2019-11-24 05:51:29', '2019-11-24 05:51:29', 'browser', '2020-11-16 03:33:48', '2019-10-26 05:05:04'),
(44, 'madge16@example.net', '93587102', '$2y$10$7jDdjzCxMIjjvAiCsIDRBemnwE2E45YuSpPW8VGzmwEMrn4fn.Vv6', '$2y$10$sftZaE6CVRqGWTNPBgp5sumO09ln4V70emc2NsNdvkisSiDpLNUAW', 'Marilie', 'Bruen', 0, 0, '2019-11-24 05:51:29', '2019-11-24 05:51:29', 'Android', '2020-07-25 11:13:48', '2019-11-10 20:15:07'),
(45, 'heller.margarita@example.org', '79805896', '$2y$10$JRIjlaopu.IThmJXI5gj1uN41.YFYmeNcNJxol5jEGswjYAHMbltq', '$2y$10$zM7bpwA98FB7sGmEjdV3reuUXHqiiOwhLfF6yUIUy/0BtqVUF8jQC', 'Emilia', 'Marquardt', 1, 0, '2019-11-24 05:51:29', '2019-11-24 05:51:29', 'Android', '2020-05-25 02:39:56', '2019-11-06 04:55:16'),
(46, 'elias08@example.com', '50524397', '$2y$10$WMLERzrE3vAdcZrGE5O.2eRnXh1L/bpBBuZwerQrT791OT1sRQ9wK', '$2y$10$3SAYEGaSlTJNt4BCvHJB3eFcN.y1GFDWI6wN.MGDwU65Qqsc3Tu4a', 'Kaitlin', 'Cronin', 0, 0, '2019-11-24 05:51:29', '2019-11-24 05:51:29', 'Android', '2020-06-02 19:10:36', '2019-11-01 18:01:22'),
(47, 'rconn@example.com', '86149429', '$2y$10$1R6anQ07Ma2M2YS8V/VptuLxuH1LYkTdQVcThystxQ11cLMuO85aO', '$2y$10$cLw1TaumMzLQ/Ktk3iimdu4A.D8LWsKQoB3nzmxUyTMDHi05wcx4W', 'Ward', 'Dietrich', 0, 1, '2019-11-24 05:51:29', '2019-11-24 05:51:29', 'Iphone', '2020-01-03 15:00:57', '2019-10-28 06:18:10'),
(48, 'kade00@example.net', '37701873', '$2y$10$DsqXjKzuAF1kJOgQqVRXsO763x6aA5OM0gDWQt/Q75h.nw6tbCdUi', '$2y$10$/eP6PPtvxOvkypLFvmOCZeqnoY.UehC5VYpZkhKCjxuh46AH23PWi', 'Lila', 'Lebsack', 0, 0, '2019-11-24 05:51:29', '2019-11-24 05:51:29', 'Android', '2020-04-17 18:49:16', '2019-11-11 19:47:10'),
(49, 'shana.koss@example.com', '73311599', '$2y$10$K5L8TstpIMDzeVRvL0NqzuY8PIfR2IG4Zn0v0GVhYvT6UDB3bMl8S', '$2y$10$G8LVv0NeptP5pRSsWgps3eqKLivb4/Ybpqd2JgVh4UAj9e8/C9V82', 'Terrell', 'Goldner', 1, 1, '2019-11-24 05:51:29', '2019-11-24 05:51:29', 'browser', '2020-03-25 11:37:09', '2019-10-25 23:34:09'),
(50, 'sskiles@example.org', '55719875', '$2y$10$37aU2yAp8/ioYjlxWSZg2ek6S9/.ZWrAlCwipw943z80zJQe/HIuK', '$2y$10$zvg9s33lH4yFs81Cp0aiTu1lnUemk0BPc2toIxorGwx0Gjse./dlO', 'Nathanial', 'Rutherford', 1, 1, '2019-11-24 05:51:29', '2019-11-24 05:51:29', 'Iphone', '2020-09-08 21:31:52', '2019-10-24 17:40:47'),
(51, 'psimonis@example.net', '43110163', '$2y$10$Lo.jB4Iq8iqamT.sKZJ4hufoO/DurWyGbiJoKpav1HVDExuKkwGGa', '$2y$10$NDCDsx0ZKmvwpO9MkAehDuc/.EakuyJ6.OxDl1r3DZOi.dZTdNsM6', 'Earlene', 'Larson', 0, 1, '2019-11-24 05:51:29', '2019-11-24 05:51:29', 'browser', '2020-03-25 18:42:56', '2019-11-16 19:07:47'),
(52, 'sylvester.shields@example.com', '83904457', '$2y$10$DYXIKa0jE9nOFv0cEHqWb.XvCaM4qkK3.4B4OJrqa4jbmdbLg0E7a', '$2y$10$69ILfUG0TWuG7zBYHqyHaucJdKHum3uYq0FH9oH/Ty2LIy2OglHAK', 'Krystina', 'Raynor', 0, 0, '2019-11-24 05:51:29', '2019-11-24 05:51:29', 'Iphone', '2020-07-17 10:10:00', '2019-11-09 22:10:53'),
(53, 'bauch.shanel@example.net', '51256142', '$2y$10$Eo.bnbfH1CNJsNEhP1HWC.og9XYdQk8Fw.c5Jq171rCy5qnHZGtXe', '$2y$10$cbZ9NRzFvqOWtWvli.eG3.q21Nqv.By1YuBf7H/ohZLAkL/.awF/G', 'Krystel', 'Vandervort', 0, 1, '2019-11-24 05:51:29', '2019-11-24 05:51:29', 'Iphone', '2020-07-07 04:18:05', '2019-11-10 07:45:03'),
(54, 'littel.gracie@example.com', '71790009', '$2y$10$NTfVEJIMkTflyDEYh26ACOmt4LEWYKTytEBMbMXdDAF8WWYneGnWi', '$2y$10$95Qw13XsD47XfoK7XhPw6OLuW4HyMtQqrh2nyM3YDCTxYRMSb/qO.', 'Ashlee', 'O\'Kon', 1, 1, '2019-11-24 05:51:29', '2019-11-24 05:51:29', 'browser', '2020-03-29 13:49:36', '2019-10-30 18:58:31'),
(55, 'domenic46@example.com', '25974396', '$2y$10$KJcXJ0mhF1eN6z0HL8shc.dqGhYoyqxeNfkXPT0KlHOSrCb2lahxC', '$2y$10$73bt3lFcGtUldtoG/cwYru1m4aqeVDHdKCHEvYEZqfp.BKK.NUEva', 'Ulises', 'Torphy', 0, 1, '2019-11-24 05:51:29', '2019-11-24 05:51:29', 'browser', '2020-05-26 19:35:59', '2019-10-27 03:44:38'),
(56, 'loyce.emard@example.net', '45805788', '$2y$10$jlBnilzHLdU04mz8OUpxbOGbTlpnwtmLJopWHV.t5/Q.lhSbMo5nu', '$2y$10$GYlS4kJNWcPvf2K5RmopT.Yb820vt1atQcnP/R7MsTDVzpoGK5rSC', 'Carmella', 'Collins', 1, 1, '2019-11-24 05:51:29', '2019-11-24 05:51:29', 'Iphone', '2020-01-21 05:25:40', '2019-11-21 18:20:17'),
(57, 'ortiz.xavier@example.com', '29378994', '$2y$10$CZQmmW0eyLYIndJkunwfgOHyzeVvlQCTEDVjQNBt3MVXNpJ6pBbxa', '$2y$10$Ie/uJLx3L2WsxV19KQIYTOnvMg6W.zSiwuRDP2e2iia5tCGHq1kwq', 'Robyn', 'Moen', 0, 0, '2019-11-24 05:51:29', '2019-11-24 05:51:29', 'Android', '2019-12-10 09:05:52', '2019-11-21 20:24:35'),
(58, 'adolf69@example.net', '94113967', '$2y$10$KPuw7kWqtG4tDOXeVMSQN.RVZqu.zbU4R4S1unY/Z/tdlwZPFQ.du', '$2y$10$Aw3ud6JmMCLjsVYv3lYuaeCC07hTXCP6wD.Atjlfd8hGZ5AmxOjKS', 'Ricky', 'Price', 0, 0, '2019-11-24 05:51:29', '2019-11-24 05:51:29', 'Android', '2020-02-13 11:02:02', '2019-11-16 22:44:48'),
(59, 'ryder.pacocha@example.com', '55187671', '$2y$10$RSqaJtzsIEtsSLFKgW6hz.xLimOYw.KwVU51EPoZp5G8kNFAJSHPW', '$2y$10$N3yWlbNXz4S0cYmz/mkFsOiQnij7rmJzzaCNZKbF5FH7VCJoY.yQW', 'Nannie', 'Dibbert', 0, 1, '2019-11-24 05:51:29', '2019-11-24 05:51:29', 'Iphone', '2020-10-24 02:12:21', '2019-11-11 16:53:15'),
(60, 'randi.pfeffer@example.net', '74592923', '$2y$10$zk22LMj9av.7yLGvPR4l3eoc4Vfg5/ZnqYZY2xteTXxihmZ/sv5nS', '$2y$10$o8WxDv2RuJ8m/f0kXjY42uxjl2iLG/NlfCsQ9hJWBswKvRfJ/nHSW', 'Norval', 'Swaniawski', 0, 0, '2019-11-24 05:51:29', '2019-11-24 05:51:29', 'Android', '2020-05-04 09:03:32', '2019-11-05 23:03:02');

-- --------------------------------------------------------

--
-- Structure de la table `hours`
--

CREATE TABLE `hours` (
  `id` int(11) NOT NULL,
  `store_id` int(11) NOT NULL,
  `day` int(11) DEFAULT NULL,
  `open` time DEFAULT NULL,
  `close` time DEFAULT NULL,
  `created_at` datetime DEFAULT CURRENT_TIMESTAMP,
  `updated_at` datetime DEFAULT CURRENT_TIMESTAMP ON UPDATE CURRENT_TIMESTAMP
) ENGINE=InnoDB DEFAULT CHARSET=utf8;

-- --------------------------------------------------------

--
-- Structure de la table `logs`
--

CREATE TABLE `logs` (
  `id` int(11) NOT NULL,
  `action` varchar(255) DEFAULT NULL,
  `object_type` varchar(255) DEFAULT NULL,
  `object_id` varchar(255) DEFAULT NULL,
  `status` varchar(255) DEFAULT NULL,
  `message` varchar(255) DEFAULT NULL,
  `created_at` datetime DEFAULT CURRENT_TIMESTAMP,
  `updated_at` datetime DEFAULT CURRENT_TIMESTAMP ON UPDATE CURRENT_TIMESTAMP,
  `user_id` int(11) NOT NULL
) ENGINE=InnoDB DEFAULT CHARSET=utf8;

--
-- Déchargement des données de la table `logs`
--

INSERT INTO `logs` (`id`, `action`, `object_type`, `object_id`, `status`, `message`, `created_at`, `updated_at`, `user_id`) VALUES
(1, 'UPDATE', 'SUPPLIER', NULL, 'PENDING', 'In esse veniam consectetur minima occaecati sint. Iusto sunt quod sit unde autem sint.', '2019-11-24 05:51:21', '2019-11-24 05:51:21', 11),
(2, 'UPDATE', 'STORE', NULL, 'FAILED', 'Omnis error quo animi. Repellendus laudantium adipisci dolorem ipsum maxime eius ut non.', '2019-11-24 05:51:21', '2019-11-24 05:51:21', 3),
(3, 'UPDATE', 'SUPPLIER', NULL, 'FAILED', 'Itaque omnis cum omnis est aut. Consequuntur minus dolores autem. Soluta et vel et quam officiis.', '2019-11-24 05:51:21', '2019-11-24 05:51:21', 19),
(4, 'UPDATE', 'ORDER', NULL, 'IN PROGRESS', 'Quia maiores omnis at repellendus et enim. Et natus et doloribus nostrum vel eaque.', '2019-11-24 05:51:21', '2019-11-24 05:51:21', 24),
(5, 'CREATE', 'ORDER', NULL, 'IN PROGRESS', 'Quam quis non non voluptate. Odio ut porro voluptas quaerat iste.', '2019-11-24 05:51:21', '2019-11-24 05:51:21', 14),
(6, 'DELETE', 'USER', NULL, 'SUCCESS', 'Tempora in tempora quia quo dolor quidem sunt. Consequatur excepturi accusamus libero qui.', '2019-11-24 05:51:21', '2019-11-24 05:51:21', 12),
(7, 'CREATE', 'SERVICE', NULL, 'IN PROGRESS', 'Numquam harum et sit illum accusantium. Autem recusandae voluptate aut quia.', '2019-11-24 05:51:21', '2019-11-24 05:51:21', 8),
(8, 'UPDATE', 'SERVICE', NULL, 'FAILED', 'Et et ipsam exercitationem qui qui. Ea assumenda aut similique cumque pariatur qui harum.', '2019-11-24 05:51:21', '2019-11-24 05:51:21', 10),
(9, 'DELETE', 'SUPPLIER', NULL, 'IN PROGRESS', 'Corporis laborum et sit rerum id expedita molestiae. Ea sit assumenda sunt.', '2019-11-24 05:51:21', '2019-11-24 05:51:21', 5),
(10, 'UPDATE', 'ORDER', NULL, 'IN PROGRESS', 'Numquam magnam aut deserunt hic ullam consequatur sunt ipsam. Rerum numquam nesciunt fuga modi eum.', '2019-11-24 05:51:21', '2019-11-24 05:51:21', 8),
(11, 'UPDATE', 'ORDER', NULL, 'FAILED', 'Alias in et officiis. Nobis ab molestiae veniam maxime voluptatem vitae numquam.', '2019-11-24 05:51:21', '2019-11-24 05:51:21', 17),
(12, 'UPDATE', 'CUSTOMER', NULL, 'PENDING', 'Iusto repellat modi rerum et ut enim. Ut velit sunt repudiandae distinctio aut sequi eum.', '2019-11-24 05:51:21', '2019-11-24 05:51:21', 4),
(13, 'CREATE', 'ORDER', NULL, 'FAILED', 'Deserunt iste natus eius enim. Rerum reprehenderit quidem sit vero at expedita voluptas.', '2019-11-24 05:51:21', '2019-11-24 05:51:21', 20),
(14, 'DELETE', 'CUSTOMER', NULL, 'FAILED', 'Amet nihil maxime a corporis a hic excepturi. Accusamus est maiores dicta libero. Quo enim et at.', '2019-11-24 05:51:21', '2019-11-24 05:51:21', 21),
(15, 'DELETE', 'SERVICE', NULL, 'SUCCESS', 'Consequatur excepturi voluptas dolorum et. Quos impedit rerum nam ullam impedit.', '2019-11-24 05:51:21', '2019-11-24 05:51:21', 20),
(16, 'CREATE', 'SUPPLIER', NULL, 'FAILED', 'Quos minima cumque sunt placeat ipsum. Necessitatibus incidunt a neque cumque. Et quas et non quam.', '2019-11-24 05:51:21', '2019-11-24 05:51:21', 22),
(17, 'CREATE', 'SUPPLIER', NULL, 'FAILED', 'Error voluptas perferendis et velit consequatur. Suscipit eius aut sed asperiores.', '2019-11-24 05:51:21', '2019-11-24 05:51:21', 20),
(18, 'UPDATE', 'CUSTOMER', NULL, 'SUCCESS', 'Et in eum ad itaque. Reiciendis est saepe suscipit exercitationem. Laudantium ut vel atque.', '2019-11-24 05:51:21', '2019-11-24 05:51:21', 15),
(19, 'DELETE', 'CUSTOMER', NULL, 'FAILED', 'Ad qui sint officiis nihil amet quia. Assumenda facere est voluptas ut autem voluptatem velit.', '2019-11-24 05:51:21', '2019-11-24 05:51:21', 21),
(20, 'DELETE', 'ORDER', NULL, 'FAILED', 'Ad sed qui est qui aut id. Omnis sit suscipit ab quasi.', '2019-11-24 05:51:21', '2019-11-24 05:51:21', 14),
(21, 'DELETE', 'SUPPLIER', NULL, 'FAILED', 'Quos quae rerum quibusdam tempora aliquid nesciunt. Voluptatum eum eos sed fuga est.', '2019-11-24 05:51:21', '2019-11-24 05:51:21', 15),
(22, 'UPDATE', 'USER', NULL, 'FAILED', 'Quis ad optio qui quia sed. Quibusdam et et non aut.', '2019-11-24 05:51:21', '2019-11-24 05:51:21', 1),
(23, 'CREATE', 'STORE', NULL, 'IN PROGRESS', 'Sequi aspernatur officia ullam quo. Ipsum beatae aut sit beatae. Magnam ex nesciunt consequuntur.', '2019-11-24 05:51:21', '2019-11-24 05:51:21', 2),
(24, 'UPDATE', 'STORE', NULL, 'FAILED', 'Dolorem rerum dolorem doloremque quibusdam. Veniam optio ut omnis. Est cum eaque et et eligendi.', '2019-11-24 05:51:21', '2019-11-24 05:51:21', 8),
(25, 'UPDATE', 'USER', NULL, 'SUCCESS', 'Qui ea harum amet est. Et amet in omnis minus odio sed. Voluptas maiores explicabo quo esse.', '2019-11-24 05:51:21', '2019-11-24 05:51:21', 18),
(26, 'CREATE', 'CUSTOMER', NULL, 'IN PROGRESS', 'Voluptatum ut est at cum quo saepe. Sit ut excepturi voluptatem doloremque dolores.', '2019-11-24 05:51:21', '2019-11-24 05:51:21', 23),
(27, 'UPDATE', 'SERVICE', NULL, 'SUCCESS', 'Eveniet recusandae eos nemo ad et ab. Dolores nemo delectus ratione voluptatem exercitationem.', '2019-11-24 05:51:21', '2019-11-24 05:51:21', 17),
(28, 'DELETE', 'SUPPLIER', NULL, 'FAILED', 'Qui eveniet aut consequatur nemo. Error rerum iusto optio. Fugit optio tempora dolorem aut odit ut.', '2019-11-24 05:51:21', '2019-11-24 05:51:21', 25),
(29, 'DELETE', 'SUPPLIER', NULL, 'SUCCESS', 'Quas ipsum vero sed ipsa et eveniet. In minus eveniet sequi qui. Sed iure nulla nam quidem.', '2019-11-24 05:51:21', '2019-11-24 05:51:21', 10),
(30, 'CREATE', 'ORDER', NULL, 'SUCCESS', 'Libero at fugit molestias nemo qui. Magni explicabo autem voluptas ut ut. A quia quidem ut et.', '2019-11-24 05:51:21', '2019-11-24 05:51:21', 2),
(31, 'CREATE', 'SUPPLIER', NULL, 'PENDING', 'Nemo quas enim culpa corrupti. Asperiores est eos deserunt at quia.', '2019-11-24 05:51:21', '2019-11-24 05:51:21', 21),
(32, 'UPDATE', 'USER', NULL, 'FAILED', 'Facere aut amet est illo minima. Et sit consequatur enim dolore dolorem.', '2019-11-24 05:51:21', '2019-11-24 05:51:21', 16),
(33, 'DELETE', 'USER', NULL, 'PENDING', 'Libero at et quia veniam quae eos. Natus ut illum et placeat. Eligendi tempora sunt eius voluptate.', '2019-11-24 05:51:21', '2019-11-24 05:51:21', 1),
(34, 'CREATE', 'CUSTOMER', NULL, 'FAILED', 'Deserunt qui et id et. Voluptatem et vel incidunt necessitatibus fugiat error.', '2019-11-24 05:51:21', '2019-11-24 05:51:21', 25),
(35, 'CREATE', 'USER', NULL, 'SUCCESS', 'Totam ut placeat quis iure. Sapiente voluptate rem eaque.', '2019-11-24 05:51:21', '2019-11-24 05:51:21', 23),
(36, 'UPDATE', 'ORDER', NULL, 'IN PROGRESS', 'Et harum deleniti voluptas sunt. Adipisci aliquam nemo quos et dolores nostrum laborum et.', '2019-11-24 05:51:21', '2019-11-24 05:51:21', 13),
(37, 'UPDATE', 'SUPPLIER', NULL, 'IN PROGRESS', 'Nisi ullam sapiente harum. Incidunt aut ipsum odio sequi. Eius expedita et fugiat et.', '2019-11-24 05:51:21', '2019-11-24 05:51:21', 24),
(38, 'CREATE', 'STORE', NULL, 'IN PROGRESS', 'Qui voluptate quidem vel sed. Sit deleniti id aspernatur totam accusantium natus et unde.', '2019-11-24 05:51:21', '2019-11-24 05:51:21', 15),
(39, 'UPDATE', 'STORE', NULL, 'FAILED', 'Pariatur eius quis quidem qui. Modi minus nam hic beatae. Aut quia aliquam quis.', '2019-11-24 05:51:21', '2019-11-24 05:51:21', 10),
(40, 'DELETE', 'SUPPLIER', NULL, 'FAILED', 'Fugit numquam aut autem placeat. Officiis ipsa quasi voluptatem quia itaque voluptatem.', '2019-11-24 05:51:21', '2019-11-24 05:51:21', 15),
(41, 'UPDATE', 'SUPPLIER', NULL, 'FAILED', 'Rerum eos ex magnam et. Velit quia est laborum.', '2019-11-24 05:51:21', '2019-11-24 05:51:21', 6),
(42, 'UPDATE', 'CUSTOMER', NULL, 'IN PROGRESS', 'Hic occaecati ut ut harum culpa nemo molestiae. Numquam voluptas atque vero maxime.', '2019-11-24 05:51:21', '2019-11-24 05:51:21', 18),
(43, 'DELETE', 'CUSTOMER', NULL, 'PENDING', 'Sed repellat illo quibusdam voluptates sunt. Optio debitis distinctio dolorem at.', '2019-11-24 05:51:21', '2019-11-24 05:51:21', 5),
(44, 'CREATE', 'USER', NULL, 'FAILED', 'Repudiandae beatae ut necessitatibus est odio. In dicta sunt assumenda non atque.', '2019-11-24 05:51:21', '2019-11-24 05:51:21', 20),
(45, 'UPDATE', 'SUPPLIER', NULL, 'FAILED', 'Eum esse at est tenetur recusandae doloribus. Illum expedita iste nostrum ratione ipsa et.', '2019-11-24 05:51:21', '2019-11-24 05:51:21', 3),
(46, 'DELETE', 'ORDER', NULL, 'SUCCESS', 'Et rerum aut autem commodi quidem enim. Aut ut eum voluptatibus harum. Cumque eligendi ad aut odit.', '2019-11-24 05:51:21', '2019-11-24 05:51:21', 15),
(47, 'UPDATE', 'SERVICE', NULL, 'SUCCESS', 'Soluta eveniet qui culpa. Rerum libero repellat natus sequi quaerat voluptatum.', '2019-11-24 05:51:21', '2019-11-24 05:51:21', 5),
(48, 'UPDATE', 'SERVICE', NULL, 'SUCCESS', 'Corporis ex unde praesentium. Voluptas maiores dolor nisi quia velit.', '2019-11-24 05:51:21', '2019-11-24 05:51:21', 7),
(49, 'DELETE', 'USER', NULL, 'PENDING', 'Harum placeat laudantium voluptatem. Rerum quod in labore beatae et qui.', '2019-11-24 05:51:21', '2019-11-24 05:51:21', 9),
(50, 'DELETE', 'USER', NULL, 'SUCCESS', 'Nulla molestias perferendis ea non harum. Molestiae reiciendis nulla ea rerum.', '2019-11-24 05:51:21', '2019-11-24 05:51:21', 10);

-- --------------------------------------------------------

--
-- Structure de la table `offered_services`
--

CREATE TABLE `offered_services` (
  `id` int(11) NOT NULL,
  `service_id` int(11) NOT NULL,
  `store_id` int(11) NOT NULL,
  `active` tinyint(4) DEFAULT NULL,
  `price` int(11) DEFAULT NULL,
  `created_at` datetime DEFAULT CURRENT_TIMESTAMP,
  `updated_at` datetime DEFAULT CURRENT_TIMESTAMP ON UPDATE CURRENT_TIMESTAMP
) ENGINE=InnoDB DEFAULT CHARSET=utf8;

--
-- Déchargement des données de la table `offered_services`
--

INSERT INTO `offered_services` (`id`, `service_id`, `store_id`, `active`, `price`, `created_at`, `updated_at`) VALUES
(1, 4, 12, 1, 2500, '2019-11-24 05:51:19', '2019-11-24 05:51:19'),
(2, 4, 10, 0, 1500, '2019-11-24 05:51:19', '2019-11-24 05:51:19'),
(3, 4, 10, 0, 5000, '2019-11-24 05:51:19', '2019-11-24 05:51:19'),
(4, 4, 8, 0, 2500, '2019-11-24 05:51:19', '2019-11-24 05:51:19'),
(5, 2, 4, 0, 5000, '2019-11-24 05:51:19', '2019-11-24 05:51:19'),
(6, 2, 15, 0, 2000, '2019-11-24 05:51:19', '2019-11-24 05:51:19'),
(7, 2, 4, 1, 8000, '2019-11-24 05:51:19', '2019-11-24 05:51:19'),
(8, 1, 5, 1, 2000, '2019-11-24 05:51:19', '2019-11-24 05:51:19'),
(9, 4, 14, 0, 2000, '2019-11-24 05:51:19', '2019-11-24 05:51:19'),
(10, 1, 8, 1, 2000, '2019-11-24 05:51:19', '2019-11-24 05:51:19'),
(11, 2, 12, 1, 3000, '2019-11-24 05:51:19', '2019-11-24 05:51:19'),
(12, 1, 9, 0, 2500, '2019-11-24 05:51:19', '2019-11-24 05:51:19'),
(13, 3, 14, 0, 2000, '2019-11-24 05:51:19', '2019-11-24 05:51:19'),
(14, 2, 8, 0, 2500, '2019-11-24 05:51:19', '2019-11-24 05:51:19'),
(15, 2, 9, 1, 2500, '2019-11-24 05:51:19', '2019-11-24 05:51:19'),
(16, 2, 5, 0, 2500, '2019-11-24 05:51:19', '2019-11-24 05:51:19'),
(17, 4, 6, 0, 3000, '2019-11-24 05:51:19', '2019-11-24 05:51:19'),
(18, 1, 12, 0, 2500, '2019-11-24 05:51:19', '2019-11-24 05:51:19'),
(19, 2, 7, 1, 10000, '2019-11-24 05:51:19', '2019-11-24 05:51:19'),
(20, 2, 2, 1, 5000, '2019-11-24 05:51:19', '2019-11-24 05:51:19'),
(21, 2, 14, 1, 2500, '2019-11-24 05:51:19', '2019-11-24 05:51:19'),
(22, 3, 10, 1, 2500, '2019-11-24 05:51:19', '2019-11-24 05:51:19'),
(23, 1, 4, 1, 8000, '2019-11-24 05:51:19', '2019-11-24 05:51:19'),
(24, 4, 9, 0, 5000, '2019-11-24 05:51:19', '2019-11-24 05:51:19'),
(25, 2, 1, 0, 8000, '2019-11-24 05:51:19', '2019-11-24 05:51:19'),
(26, 4, 9, 1, 1500, '2019-11-24 05:51:19', '2019-11-24 05:51:19'),
(27, 2, 14, 0, 8000, '2019-11-24 05:51:19', '2019-11-24 05:51:19'),
(28, 1, 14, 0, 2000, '2019-11-24 05:51:19', '2019-11-24 05:51:19'),
(29, 3, 9, 0, 3000, '2019-11-24 05:51:19', '2019-11-24 05:51:19'),
(30, 1, 4, 1, 2500, '2019-11-24 05:51:19', '2019-11-24 05:51:19');

-- --------------------------------------------------------

--
-- Structure de la table `orders`
--

CREATE TABLE `orders` (
  `id` bigint(20) NOT NULL,
  `customer_id` int(11) NOT NULL,
  `state` varchar(255) DEFAULT NULL,
  `order_number` varchar(255) DEFAULT NULL,
  `created_at` datetime DEFAULT CURRENT_TIMESTAMP,
  `updated_at` datetime DEFAULT CURRENT_TIMESTAMP ON UPDATE CURRENT_TIMESTAMP
) ENGINE=InnoDB DEFAULT CHARSET=utf8;

--
-- Déchargement des données de la table `orders`
--

INSERT INTO `orders` (`id`, `customer_id`, `state`, `order_number`, `created_at`, `updated_at`) VALUES
(1, 51, 'Hold', 'PWOTIS06ZHX', '2019-11-24 05:51:30', '2019-11-24 05:51:30'),
(2, 13, 'Delivered', 'DCRAML2VI1A', '2019-11-24 05:51:30', '2019-11-24 05:51:30'),
(3, 20, 'Cancel', 'ETGUUHJ0', '2019-11-24 05:51:30', '2019-11-24 05:51:30'),
(4, 30, 'Delivered', 'WKIZZFG1ZO4', '2019-11-24 05:51:30', '2019-11-24 05:51:30'),
(5, 14, 'Delivered', 'PZCKCIIQ', '2019-11-24 05:51:30', '2019-11-24 05:51:30'),
(6, 17, 'Hold', 'OCOAVGB9', '2019-11-24 05:51:30', '2019-11-24 05:51:30'),
(7, 50, 'Delivered', 'UTPOKRHW3DY', '2019-11-24 05:51:30', '2019-11-24 05:51:30'),
(8, 38, 'Delivered', 'WMJOXQWB', '2019-11-24 05:51:30', '2019-11-24 05:51:30'),
(9, 22, 'Delivered', 'VXRVJWMV', '2019-11-24 05:51:30', '2019-11-24 05:51:30'),
(10, 32, 'Delivered', 'KZJXSD3B', '2019-11-24 05:51:30', '2019-11-24 05:51:30'),
(11, 48, 'Cancel', 'JSENSP7D', '2019-11-24 05:51:30', '2019-11-24 05:51:30'),
(12, 56, 'Cancel', 'QVYNBPQO', '2019-11-24 05:51:30', '2019-11-24 05:51:30'),
(13, 50, 'Packaging', 'PQQKEATJ86C', '2019-11-24 05:51:30', '2019-11-24 05:51:30'),
(14, 1, 'Cancel', 'ICRZHE5C', '2019-11-24 05:51:30', '2019-11-24 05:51:30'),
(15, 41, 'Delivered', 'BZWCMX0R', '2019-11-24 05:51:30', '2019-11-24 05:51:30'),
(16, 59, 'Hold', 'OHDEZTJF', '2019-11-24 05:51:30', '2019-11-24 05:51:30'),
(17, 5, 'Cancel', 'JCTMQDYG', '2019-11-24 05:51:30', '2019-11-24 05:51:30'),
(18, 5, 'Packaging', 'QBEUSXG0MHN', '2019-11-24 05:51:30', '2019-11-24 05:51:30'),
(19, 40, 'Packaging', 'KVCPPB5H9MC', '2019-11-24 05:51:30', '2019-11-24 05:51:30'),
(20, 22, 'Hold', 'NECCGBJ8DLR', '2019-11-24 05:51:30', '2019-11-24 05:51:30'),
(21, 29, 'Packaging', 'HRULTX18', '2019-11-24 05:51:30', '2019-11-24 05:51:30'),
(22, 18, 'Delivered', 'YQPPGAEL', '2019-11-24 05:51:30', '2019-11-24 05:51:30'),
(23, 46, 'Delivered', 'YRADRQRIC51', '2019-11-24 05:51:30', '2019-11-24 05:51:30'),
(24, 34, 'Packaging', 'SUBRYQQ4KS6', '2019-11-24 05:51:30', '2019-11-24 05:51:30'),
(25, 22, 'Cancel', 'XLFXAHEU52K', '2019-11-24 05:51:30', '2019-11-24 05:51:30'),
(26, 21, 'Cancel', 'VZHREWM47EM', '2019-11-24 05:51:30', '2019-11-24 05:51:30'),
(27, 1, 'Delivered', 'HBWIRBPZ534', '2019-11-24 05:51:30', '2019-11-24 05:51:30'),
(28, 24, 'Delivered', 'WFPSGM0EMDF', '2019-11-24 05:51:30', '2019-11-24 05:51:30'),
(29, 18, 'Hold', 'PICERB95ZQ0', '2019-11-24 05:51:30', '2019-11-24 05:51:30'),
(30, 56, 'Cancel', 'XHGSLIED', '2019-11-24 05:51:30', '2019-11-24 05:51:30'),
(31, 43, 'Cancel', 'FPEOSDLC', '2019-11-24 05:51:30', '2019-11-24 05:51:30'),
(32, 57, 'Cancel', 'MGYMCQH4QMX', '2019-11-24 05:51:30', '2019-11-24 05:51:30'),
(33, 15, 'Cancel', 'KGHATC1J', '2019-11-24 05:51:30', '2019-11-24 05:51:30'),
(34, 4, 'Delivered', 'RQEOQXKIORS', '2019-11-24 05:51:30', '2019-11-24 05:51:30'),
(35, 47, 'Delivered', 'QUOQZMX65ED', '2019-11-24 05:51:30', '2019-11-24 05:51:30'),
(36, 18, 'Packaging', 'TKFSQBIY', '2019-11-24 05:51:30', '2019-11-24 05:51:30'),
(37, 42, 'Delivered', 'AMIVLPBSKI2', '2019-11-24 05:51:30', '2019-11-24 05:51:30'),
(38, 53, 'Hold', 'TWKSKL7N', '2019-11-24 05:51:30', '2019-11-24 05:51:30'),
(39, 1, 'Cancel', 'RNPNRTSV', '2019-11-24 05:51:30', '2019-11-24 05:51:30'),
(40, 46, 'Packaging', 'FLASXQHVG4Z', '2019-11-24 05:51:30', '2019-11-24 05:51:30'),
(41, 5, 'Cancel', 'LWMNCK16', '2019-11-24 05:51:30', '2019-11-24 05:51:30'),
(42, 31, 'Cancel', 'ZVUDQHB8', '2019-11-24 05:51:30', '2019-11-24 05:51:30'),
(43, 43, 'Hold', 'QZIHDGTC', '2019-11-24 05:51:30', '2019-11-24 05:51:30'),
(44, 11, 'Delivered', 'LBMIFWGJ8QC', '2019-11-24 05:51:30', '2019-11-24 05:51:30'),
(45, 60, 'Hold', 'DVJOMJG1', '2019-11-24 05:51:30', '2019-11-24 05:51:30'),
(46, 59, 'Packaging', 'OYVSQM7JUSU', '2019-11-24 05:51:30', '2019-11-24 05:51:30'),
(47, 20, 'Hold', 'FKVTXLOCC8K', '2019-11-24 05:51:30', '2019-11-24 05:51:30'),
(48, 10, 'Hold', 'LYZWYNAY', '2019-11-24 05:51:30', '2019-11-24 05:51:30'),
(49, 36, 'Delivered', 'QLFKVKNUAQR', '2019-11-24 05:51:30', '2019-11-24 05:51:30'),
(50, 35, 'Cancel', 'HVGWILU4', '2019-11-24 05:51:30', '2019-11-24 05:51:30'),
(51, 2, 'Cancel', 'RIVOHE00', '2019-11-24 05:51:30', '2019-11-24 05:51:30'),
(52, 51, 'Hold', 'UQCKISAP', '2019-11-24 05:51:30', '2019-11-24 05:51:30'),
(53, 45, 'Hold', 'IWQZLBACQQT', '2019-11-24 05:51:30', '2019-11-24 05:51:30'),
(54, 18, 'Delivered', 'HVEJKZJV', '2019-11-24 05:51:30', '2019-11-24 05:51:30'),
(55, 48, 'Packaging', 'BMNKYTAK', '2019-11-24 05:51:30', '2019-11-24 05:51:30'),
(56, 9, 'Packaging', 'OTXGJRJ8', '2019-11-24 05:51:30', '2019-11-24 05:51:30'),
(57, 40, 'Delivered', 'ICCZQPNA82T', '2019-11-24 05:51:30', '2019-11-24 05:51:30'),
(58, 40, 'Packaging', 'ZWJNNF26QIF', '2019-11-24 05:51:30', '2019-11-24 05:51:30'),
(59, 20, 'Hold', 'NINOAW58A97', '2019-11-24 05:51:30', '2019-11-24 05:51:30'),
(60, 16, 'Cancel', 'WBYJGZ7H', '2019-11-24 05:51:30', '2019-11-24 05:51:30'),
(61, 47, 'Delivered', 'OYTJNOK8', '2019-11-24 05:51:30', '2019-11-24 05:51:30'),
(62, 53, 'Cancel', 'MUXOZEQ4', '2019-11-24 05:51:30', '2019-11-24 05:51:30'),
(63, 37, 'Hold', 'RKGLAXFH2YW', '2019-11-24 05:51:30', '2019-11-24 05:51:30'),
(64, 4, 'Cancel', 'YHNLIRH3LNF', '2019-11-24 05:51:30', '2019-11-24 05:51:30'),
(65, 24, 'Hold', 'QTUYRSW9', '2019-11-24 05:51:30', '2019-11-24 05:51:30'),
(66, 9, 'Cancel', 'WCWIJNMAJ1X', '2019-11-24 05:51:30', '2019-11-24 05:51:30'),
(67, 44, 'Delivered', 'COISENFD1LW', '2019-11-24 05:51:30', '2019-11-24 05:51:30'),
(68, 47, 'Cancel', 'RLWZJRM8', '2019-11-24 05:51:30', '2019-11-24 05:51:30'),
(69, 50, 'Cancel', 'UZDYJWWIWJ7', '2019-11-24 05:51:30', '2019-11-24 05:51:30'),
(70, 44, 'Packaging', 'YRPQZDSYUZ2', '2019-11-24 05:51:30', '2019-11-24 05:51:30'),
(71, 29, 'Hold', 'AUNBTA5WI6J', '2019-11-24 05:51:30', '2019-11-24 05:51:30'),
(72, 32, 'Delivered', 'NRXHIQP5', '2019-11-24 05:51:30', '2019-11-24 05:51:30'),
(73, 48, 'Delivered', 'SBCHMLJK', '2019-11-24 05:51:30', '2019-11-24 05:51:30'),
(74, 48, 'Hold', 'LEXZZVDV', '2019-11-24 05:51:30', '2019-11-24 05:51:30'),
(75, 7, 'Cancel', 'ZEFIGKK9', '2019-11-24 05:51:30', '2019-11-24 05:51:30'),
(76, 39, 'Cancel', 'UKTBSBVD04K', '2019-11-24 05:51:30', '2019-11-24 05:51:30'),
(77, 60, 'Hold', 'WXTFNO9AVXH', '2019-11-24 05:51:30', '2019-11-24 05:51:30'),
(78, 1, 'Delivered', 'MUZNGQM0', '2019-11-24 05:51:30', '2019-11-24 05:51:30'),
(79, 41, 'Cancel', 'WRFLQVG3', '2019-11-24 05:51:30', '2019-11-24 05:51:30'),
(80, 6, 'Packaging', 'SVFEIN4ND1O', '2019-11-24 05:51:30', '2019-11-24 05:51:30'),
(81, 36, 'Packaging', 'UOZIIVXT', '2019-11-24 05:51:30', '2019-11-24 05:51:30'),
(82, 9, 'Hold', 'OAZSIJ45HZM', '2019-11-24 05:51:30', '2019-11-24 05:51:30'),
(83, 15, 'Packaging', 'ICZUCEJ0', '2019-11-24 05:51:30', '2019-11-24 05:51:30'),
(84, 35, 'Hold', 'IUNEWS5F3Z0', '2019-11-24 05:51:30', '2019-11-24 05:51:30'),
(85, 2, 'Hold', 'VQYLUC86TVX', '2019-11-24 05:51:30', '2019-11-24 05:51:30'),
(86, 36, 'Delivered', 'ETCXJNC6', '2019-11-24 05:51:30', '2019-11-24 05:51:30'),
(87, 47, 'Delivered', 'EGQLJBPC', '2019-11-24 05:51:30', '2019-11-24 05:51:30'),
(88, 15, 'Hold', 'WCAANDIW', '2019-11-24 05:51:30', '2019-11-24 05:51:30'),
(89, 51, 'Cancel', 'YNKLAMRLH3W', '2019-11-24 05:51:30', '2019-11-24 05:51:30'),
(90, 47, 'Delivered', 'ZOZWJT8ZVG3', '2019-11-24 05:51:30', '2019-11-24 05:51:30'),
(91, 5, 'Packaging', 'RCECWA7H', '2019-11-24 05:51:30', '2019-11-24 05:51:30'),
(92, 34, 'Delivered', 'WJJGKBM0', '2019-11-24 05:51:30', '2019-11-24 05:51:30'),
(93, 23, 'Delivered', 'MPLYNOUV3CP', '2019-11-24 05:51:30', '2019-11-24 05:51:30'),
(94, 39, 'Packaging', 'FPOKAPN0TZ0', '2019-11-24 05:51:30', '2019-11-24 05:51:30'),
(95, 26, 'Delivered', 'IMWIYCP3I9E', '2019-11-24 05:51:30', '2019-11-24 05:51:30'),
(96, 46, 'Delivered', 'VONRBUTT', '2019-11-24 05:51:30', '2019-11-24 05:51:30'),
(97, 17, 'Delivered', 'ARACIUQLS7L', '2019-11-24 05:51:30', '2019-11-24 05:51:30'),
(98, 57, 'Packaging', 'GOGUEK6O', '2019-11-24 05:51:30', '2019-11-24 05:51:30'),
(99, 37, 'Packaging', 'ZDWAIERUJIJ', '2019-11-24 05:51:30', '2019-11-24 05:51:30'),
(100, 10, 'Cancel', 'FCEBPAW6', '2019-11-24 05:51:30', '2019-11-24 05:51:30'),
(101, 45, 'Cancel', 'LEUMUJEK', '2019-11-24 05:51:30', '2019-11-24 05:51:30'),
(102, 47, 'Cancel', 'OAFHJETAP0G', '2019-11-24 05:51:30', '2019-11-24 05:51:30'),
(103, 16, 'Delivered', 'ZBMLJMJ7KQ4', '2019-11-24 05:51:30', '2019-11-24 05:51:30'),
(104, 14, 'Hold', 'SNRGNF2R', '2019-11-24 05:51:30', '2019-11-24 05:51:30'),
(105, 45, 'Packaging', 'YTRNKTV7D6I', '2019-11-24 05:51:30', '2019-11-24 05:51:30'),
(106, 15, 'Delivered', 'FGFTQWGC', '2019-11-24 05:51:30', '2019-11-24 05:51:30'),
(107, 37, 'Hold', 'ZIGCQXJ1', '2019-11-24 05:51:30', '2019-11-24 05:51:30'),
(108, 36, 'Delivered', 'OUDQBWQ4', '2019-11-24 05:51:30', '2019-11-24 05:51:30'),
(109, 15, 'Delivered', 'RUNJWO5V', '2019-11-24 05:51:30', '2019-11-24 05:51:30'),
(110, 5, 'Cancel', 'YZGGLWJ7K9T', '2019-11-24 05:51:30', '2019-11-24 05:51:30'),
(111, 33, 'Packaging', 'FWRIQY0J', '2019-11-24 05:51:30', '2019-11-24 05:51:30'),
(112, 40, 'Packaging', 'UTIIEXWF', '2019-11-24 05:51:30', '2019-11-24 05:51:30'),
(113, 17, 'Packaging', 'OMPIEJOZ', '2019-11-24 05:51:30', '2019-11-24 05:51:30'),
(114, 1, 'Delivered', 'DCDEYTZE7UY', '2019-11-24 05:51:30', '2019-11-24 05:51:30'),
(115, 41, 'Cancel', 'IVPKZUE810T', '2019-11-24 05:51:30', '2019-11-24 05:51:30'),
(116, 2, 'Packaging', 'KJFRXEBX', '2019-11-24 05:51:30', '2019-11-24 05:51:30'),
(117, 21, 'Packaging', 'RUDXQSKA', '2019-11-24 05:51:30', '2019-11-24 05:51:30'),
(118, 38, 'Hold', 'NXANOCBC', '2019-11-24 05:51:30', '2019-11-24 05:51:30'),
(119, 19, 'Delivered', 'YCDPINRH', '2019-11-24 05:51:30', '2019-11-24 05:51:30'),
(120, 18, 'Cancel', 'SRZJTBZU', '2019-11-24 05:51:30', '2019-11-24 05:51:30'),
(121, 1, 'Hold', 'UKDDUSY5VB0', '2019-11-24 05:51:30', '2019-11-24 05:51:30'),
(122, 6, 'Packaging', 'TRFCYIVN', '2019-11-24 05:51:30', '2019-11-24 05:51:30'),
(123, 43, 'Hold', 'XYHUELHS', '2019-11-24 05:51:30', '2019-11-24 05:51:30'),
(124, 4, 'Cancel', 'MCVEUOGZPQ7', '2019-11-24 05:51:30', '2019-11-24 05:51:30'),
(125, 35, 'Cancel', 'LCBHWCOC9RF', '2019-11-24 05:51:30', '2019-11-24 05:51:30'),
(126, 29, 'Packaging', 'ZLJMKOUN', '2019-11-24 05:51:30', '2019-11-24 05:51:30'),
(127, 59, 'Delivered', 'NDRAZB4V', '2019-11-24 05:51:30', '2019-11-24 05:51:30'),
(128, 50, 'Hold', 'JUONHQDFZUX', '2019-11-24 05:51:30', '2019-11-24 05:51:30'),
(129, 34, 'Packaging', 'HHYZAVG4', '2019-11-24 05:51:30', '2019-11-24 05:51:30'),
(130, 57, 'Hold', 'LNPEFGA7W7A', '2019-11-24 05:51:30', '2019-11-24 05:51:30'),
(131, 47, 'Delivered', 'LGJBJAAVTLI', '2019-11-24 05:51:30', '2019-11-24 05:51:30'),
(132, 43, 'Delivered', 'UBWIPMM32W2', '2019-11-24 05:51:30', '2019-11-24 05:51:30'),
(133, 20, 'Hold', 'XKIFLJTP', '2019-11-24 05:51:30', '2019-11-24 05:51:30'),
(134, 5, 'Delivered', 'IQOYDOMDV6I', '2019-11-24 05:51:30', '2019-11-24 05:51:30'),
(135, 11, 'Cancel', 'GMXTRIMGR03', '2019-11-24 05:51:30', '2019-11-24 05:51:30'),
(136, 11, 'Hold', 'IHIDLHAU', '2019-11-24 05:51:30', '2019-11-24 05:51:30'),
(137, 35, 'Delivered', 'VWECUMWR3OP', '2019-11-24 05:51:30', '2019-11-24 05:51:30'),
(138, 48, 'Delivered', 'ZJXAGLGYQW6', '2019-11-24 05:51:30', '2019-11-24 05:51:30'),
(139, 29, 'Delivered', 'LIGDDKF3', '2019-11-24 05:51:30', '2019-11-24 05:51:30'),
(140, 1, 'Cancel', 'VWEUFX9H0AK', '2019-11-24 05:51:30', '2019-11-24 05:51:30'),
(141, 56, 'Delivered', 'IRJYTXGR', '2019-11-24 05:51:30', '2019-11-24 05:51:30'),
(142, 1, 'Delivered', 'PKPEHC0G', '2019-11-24 05:51:30', '2019-11-24 05:51:30'),
(143, 12, 'Hold', 'IVOWURJFQA1', '2019-11-24 05:51:30', '2019-11-24 05:51:30'),
(144, 30, 'Packaging', 'GQOMABVQ', '2019-11-24 05:51:30', '2019-11-24 05:51:30'),
(145, 27, 'Hold', 'UXPEVCQO2IY', '2019-11-24 05:51:30', '2019-11-24 05:51:30'),
(146, 18, 'Packaging', 'RFGPKWEME8T', '2019-11-24 05:51:30', '2019-11-24 05:51:30'),
(147, 40, 'Cancel', 'PNNVZQXZ95L', '2019-11-24 05:51:30', '2019-11-24 05:51:30'),
(148, 52, 'Hold', 'WBSTVCHXZU5', '2019-11-24 05:51:30', '2019-11-24 05:51:30'),
(149, 59, 'Delivered', 'IGULKY0L1BF', '2019-11-24 05:51:30', '2019-11-24 05:51:30'),
(150, 51, 'Cancel', 'RUMEAY7X', '2019-11-24 05:51:30', '2019-11-24 05:51:30'),
(151, 41, 'Cancel', 'MLTCHVEO552', '2019-11-24 05:51:30', '2019-11-24 05:51:30'),
(152, 12, 'Delivered', 'TWKEQZ7F1HA', '2019-11-24 05:51:30', '2019-11-24 05:51:30'),
(153, 22, 'Delivered', 'OZCBVHBN', '2019-11-24 05:51:30', '2019-11-24 05:51:30'),
(154, 4, 'Cancel', 'AUIWVDTR', '2019-11-24 05:51:30', '2019-11-24 05:51:30'),
(155, 50, 'Packaging', 'FTFEMGOKYN9', '2019-11-24 05:51:30', '2019-11-24 05:51:30'),
(156, 26, 'Delivered', 'HBLUGK5I6HX', '2019-11-24 05:51:30', '2019-11-24 05:51:30'),
(157, 12, 'Hold', 'GUXHESWR', '2019-11-24 05:51:30', '2019-11-24 05:51:30'),
(158, 20, 'Cancel', 'UODLELT4', '2019-11-24 05:51:30', '2019-11-24 05:51:30'),
(159, 47, 'Cancel', 'DMIXMAHN', '2019-11-24 05:51:30', '2019-11-24 05:51:30'),
(160, 26, 'Cancel', 'BLWZDOCQ', '2019-11-24 05:51:30', '2019-11-24 05:51:30'),
(161, 42, 'Hold', 'GSBTDJSV', '2019-11-24 05:51:30', '2019-11-24 05:51:30'),
(162, 37, 'Packaging', 'PRNBDKIF', '2019-11-24 05:51:30', '2019-11-24 05:51:30'),
(163, 19, 'Delivered', 'CJPAPDVA6CZ', '2019-11-24 05:51:30', '2019-11-24 05:51:30'),
(164, 22, 'Packaging', 'JTYSBKWI5WQ', '2019-11-24 05:51:30', '2019-11-24 05:51:30'),
(165, 57, 'Delivered', 'RDAIHL06OMY', '2019-11-24 05:51:30', '2019-11-24 05:51:30'),
(166, 59, 'Delivered', 'HDHMKGB0LJ3', '2019-11-24 05:51:30', '2019-11-24 05:51:30'),
(167, 59, 'Cancel', 'RTOBOIXOUH2', '2019-11-24 05:51:30', '2019-11-24 05:51:30'),
(168, 2, 'Cancel', 'DHPTPALC', '2019-11-24 05:51:30', '2019-11-24 05:51:30'),
(169, 35, 'Delivered', 'MCBYHCRL', '2019-11-24 05:51:30', '2019-11-24 05:51:30'),
(170, 26, 'Packaging', 'YMZKOPF4', '2019-11-24 05:51:30', '2019-11-24 05:51:30'),
(171, 27, 'Delivered', 'UOWGDX66', '2019-11-24 05:51:30', '2019-11-24 05:51:30'),
(172, 41, 'Cancel', 'GPERVWKLCIW', '2019-11-24 05:51:30', '2019-11-24 05:51:30'),
(173, 23, 'Hold', 'URKNMAP9', '2019-11-24 05:51:30', '2019-11-24 05:51:30'),
(174, 17, 'Cancel', 'BGDNUR58', '2019-11-24 05:51:30', '2019-11-24 05:51:30'),
(175, 29, 'Cancel', 'LYHHXM27', '2019-11-24 05:51:30', '2019-11-24 05:51:30'),
(176, 30, 'Cancel', 'FFAEIH6O', '2019-11-24 05:51:30', '2019-11-24 05:51:30'),
(177, 54, 'Cancel', 'OKUMBAZ8', '2019-11-24 05:51:30', '2019-11-24 05:51:30'),
(178, 15, 'Delivered', 'VZQRKDNM', '2019-11-24 05:51:30', '2019-11-24 05:51:30'),
(179, 58, 'Cancel', 'YNJMPR1PKXM', '2019-11-24 05:51:30', '2019-11-24 05:51:30'),
(180, 39, 'Packaging', 'ZLSGALHK8WN', '2019-11-24 05:51:30', '2019-11-24 05:51:30'),
(181, 38, 'Packaging', 'GHVSWLDP3HW', '2019-11-24 05:51:30', '2019-11-24 05:51:30'),
(182, 11, 'Packaging', 'UWYRGIHA', '2019-11-24 05:51:30', '2019-11-24 05:51:30'),
(183, 40, 'Hold', 'PLVFAEUR', '2019-11-24 05:51:30', '2019-11-24 05:51:30'),
(184, 56, 'Cancel', 'LXMOAPYS5I9', '2019-11-24 05:51:30', '2019-11-24 05:51:30'),
(185, 57, 'Packaging', 'QGWZAPV8', '2019-11-24 05:51:30', '2019-11-24 05:51:30'),
(186, 25, 'Packaging', 'MNUOZUPQ', '2019-11-24 05:51:30', '2019-11-24 05:51:30'),
(187, 20, 'Hold', 'XFTJDS24QN5', '2019-11-24 05:51:30', '2019-11-24 05:51:30'),
(188, 26, 'Packaging', 'POBRTQZBCIS', '2019-11-24 05:51:30', '2019-11-24 05:51:30'),
(189, 17, 'Cancel', 'JSRABU0F', '2019-11-24 05:51:30', '2019-11-24 05:51:30'),
(190, 49, 'Hold', 'EJTBEWUB00L', '2019-11-24 05:51:30', '2019-11-24 05:51:30'),
(191, 3, 'Hold', 'IOGICTF4', '2019-11-24 05:51:30', '2019-11-24 05:51:30'),
(192, 2, 'Delivered', 'IWDYQL1JQXO', '2019-11-24 05:51:30', '2019-11-24 05:51:30'),
(193, 45, 'Packaging', 'WJKTLEJS', '2019-11-24 05:51:30', '2019-11-24 05:51:30'),
(194, 3, 'Packaging', 'LOXOBG4H05Z', '2019-11-24 05:51:30', '2019-11-24 05:51:30'),
(195, 57, 'Packaging', 'PEVCGVP9D9X', '2019-11-24 05:51:30', '2019-11-24 05:51:30'),
(196, 58, 'Cancel', 'ZQJQWLHY', '2019-11-24 05:51:30', '2019-11-24 05:51:30'),
(197, 44, 'Hold', 'IEHPEMS3ISM', '2019-11-24 05:51:30', '2019-11-24 05:51:30'),
(198, 45, 'Hold', 'LEYCOAE6', '2019-11-24 05:51:30', '2019-11-24 05:51:30'),
(199, 52, 'Delivered', 'BFMBGDXN', '2019-11-24 05:51:30', '2019-11-24 05:51:30'),
(200, 48, 'Packaging', 'IHTEUBDX', '2019-11-24 05:51:30', '2019-11-24 05:51:30'),
(201, 9, 'Cancel', 'WINFKEF0', '2019-11-24 05:51:30', '2019-11-24 05:51:30'),
(202, 12, 'Hold', 'LNYUEQ7H', '2019-11-24 05:51:30', '2019-11-24 05:51:30'),
(203, 31, 'Hold', 'MXTGBMIW', '2019-11-24 05:51:30', '2019-11-24 05:51:30'),
(204, 47, 'Cancel', 'CYVTUTC7', '2019-11-24 05:51:30', '2019-11-24 05:51:30'),
(205, 3, 'Packaging', 'IOYRPJRRFGV', '2019-11-24 05:51:30', '2019-11-24 05:51:30'),
(206, 34, 'Packaging', 'ZOCFYUW3NMK', '2019-11-24 05:51:30', '2019-11-24 05:51:30'),
(207, 59, 'Hold', 'CFXXPRHU0IT', '2019-11-24 05:51:30', '2019-11-24 05:51:30'),
(208, 24, 'Hold', 'YMQCOSQISJF', '2019-11-24 05:51:30', '2019-11-24 05:51:30'),
(209, 59, 'Cancel', 'DFIZLQKA', '2019-11-24 05:51:30', '2019-11-24 05:51:30'),
(210, 55, 'Hold', 'CTLEWBXE', '2019-11-24 05:51:30', '2019-11-24 05:51:30'),
(211, 47, 'Hold', 'VWVMSE4BYQU', '2019-11-24 05:51:30', '2019-11-24 05:51:30'),
(212, 20, 'Delivered', 'UMNQHDYEO6P', '2019-11-24 05:51:30', '2019-11-24 05:51:30'),
(213, 41, 'Cancel', 'UQJTOMNV', '2019-11-24 05:51:30', '2019-11-24 05:51:30'),
(214, 50, 'Cancel', 'AMQAIUED1R0', '2019-11-24 05:51:30', '2019-11-24 05:51:30'),
(215, 60, 'Cancel', 'XVNMZGL72EG', '2019-11-24 05:51:30', '2019-11-24 05:51:30'),
(216, 28, 'Packaging', 'XOWECNAR', '2019-11-24 05:51:30', '2019-11-24 05:51:30'),
(217, 9, 'Cancel', 'LNHOYI24753', '2019-11-24 05:51:30', '2019-11-24 05:51:30'),
(218, 6, 'Packaging', 'OJJRCE9O', '2019-11-24 05:51:30', '2019-11-24 05:51:30'),
(219, 23, 'Cancel', 'ONJZXLZCM3V', '2019-11-24 05:51:30', '2019-11-24 05:51:30'),
(220, 25, 'Delivered', 'CVITWIYE', '2019-11-24 05:51:30', '2019-11-24 05:51:30'),
(221, 34, 'Packaging', 'VDFSMBPE', '2019-11-24 05:51:30', '2019-11-24 05:51:30'),
(222, 44, 'Packaging', 'PFVSLO79', '2019-11-24 05:51:30', '2019-11-24 05:51:30'),
(223, 2, 'Packaging', 'CNLISKWK', '2019-11-24 05:51:30', '2019-11-24 05:51:30'),
(224, 28, 'Cancel', 'YNRSBZB004W', '2019-11-24 05:51:30', '2019-11-24 05:51:30'),
(225, 2, 'Delivered', 'RDSQVXCU', '2019-11-24 05:51:30', '2019-11-24 05:51:30'),
(226, 43, 'Packaging', 'BPPLIYMT', '2019-11-24 05:51:30', '2019-11-24 05:51:30'),
(227, 9, 'Delivered', 'SXAUUOY0', '2019-11-24 05:51:30', '2019-11-24 05:51:30'),
(228, 54, 'Cancel', 'OXWZDIIU', '2019-11-24 05:51:30', '2019-11-24 05:51:30'),
(229, 16, 'Delivered', 'KHEPGI58OVA', '2019-11-24 05:51:30', '2019-11-24 05:51:30'),
(230, 32, 'Hold', 'PICGZVMB9K6', '2019-11-24 05:51:30', '2019-11-24 05:51:30'),
(231, 41, 'Packaging', 'NGZSHS5PXHG', '2019-11-24 05:51:30', '2019-11-24 05:51:30'),
(232, 58, 'Delivered', 'LRPIOLE5', '2019-11-24 05:51:30', '2019-11-24 05:51:30'),
(233, 54, 'Packaging', 'IYNGHG3D', '2019-11-24 05:51:30', '2019-11-24 05:51:30'),
(234, 37, 'Hold', 'VOHERUUZ6YU', '2019-11-24 05:51:30', '2019-11-24 05:51:30'),
(235, 33, 'Delivered', 'VWXPWZF4', '2019-11-24 05:51:30', '2019-11-24 05:51:30'),
(236, 4, 'Packaging', 'JFKFXV9ACE4', '2019-11-24 05:51:30', '2019-11-24 05:51:30'),
(237, 47, 'Cancel', 'FFJHYGAC', '2019-11-24 05:51:30', '2019-11-24 05:51:30'),
(238, 17, 'Delivered', 'THBKXBKH', '2019-11-24 05:51:30', '2019-11-24 05:51:30'),
(239, 30, 'Delivered', 'OOCLST2Y', '2019-11-24 05:51:30', '2019-11-24 05:51:30'),
(240, 26, 'Delivered', 'JPBVDCKX', '2019-11-24 05:51:30', '2019-11-24 05:51:30'),
(241, 5, 'Packaging', 'JSNFHHNO', '2019-11-24 05:51:30', '2019-11-24 05:51:30'),
(242, 13, 'Packaging', 'EWRDVDYZ', '2019-11-24 05:51:30', '2019-11-24 05:51:30'),
(243, 25, 'Delivered', 'MYKOGSDM', '2019-11-24 05:51:30', '2019-11-24 05:51:30'),
(244, 19, 'Delivered', 'MYWBEI5LVEA', '2019-11-24 05:51:30', '2019-11-24 05:51:30'),
(245, 6, 'Delivered', 'NYQTNF8HQCR', '2019-11-24 05:51:30', '2019-11-24 05:51:30'),
(246, 27, 'Hold', 'NTZWJTMGRM5', '2019-11-24 05:51:30', '2019-11-24 05:51:30'),
(247, 43, 'Packaging', 'LSQQNDP3', '2019-11-24 05:51:30', '2019-11-24 05:51:30'),
(248, 38, 'Packaging', 'HDRVIJSRYC7', '2019-11-24 05:51:30', '2019-11-24 05:51:30'),
(249, 34, 'Hold', 'PXABZUYA', '2019-11-24 05:51:30', '2019-11-24 05:51:30'),
(250, 4, 'Delivered', 'JMXIQALGX01', '2019-11-24 05:51:30', '2019-11-24 05:51:30'),
(251, 37, 'Hold', 'IHVDWOVR', '2019-11-24 05:51:30', '2019-11-24 05:51:30'),
(252, 58, 'Packaging', 'YLBXXW2J', '2019-11-24 05:51:30', '2019-11-24 05:51:30'),
(253, 12, 'Cancel', 'FLQRAT60ZJH', '2019-11-24 05:51:30', '2019-11-24 05:51:30'),
(254, 20, 'Delivered', 'HRBPJR5T', '2019-11-24 05:51:30', '2019-11-24 05:51:30'),
(255, 44, 'Hold', 'UAJDTSDS2DN', '2019-11-24 05:51:30', '2019-11-24 05:51:30'),
(256, 41, 'Cancel', 'QEIRBSKL', '2019-11-24 05:51:30', '2019-11-24 05:51:30'),
(257, 31, 'Packaging', 'UEARTIBQSNP', '2019-11-24 05:51:30', '2019-11-24 05:51:30'),
(258, 56, 'Hold', 'OPRQWH24VRQ', '2019-11-24 05:51:30', '2019-11-24 05:51:30'),
(259, 34, 'Cancel', 'FEXRQP97', '2019-11-24 05:51:30', '2019-11-24 05:51:30'),
(260, 36, 'Hold', 'CPKPAK5E', '2019-11-24 05:51:30', '2019-11-24 05:51:30'),
(261, 57, 'Hold', 'IGPWLZSXJR0', '2019-11-24 05:51:30', '2019-11-24 05:51:30'),
(262, 59, 'Delivered', 'PNCIPMA9', '2019-11-24 05:51:30', '2019-11-24 05:51:30'),
(263, 12, 'Delivered', 'RZCFNCA4', '2019-11-24 05:51:30', '2019-11-24 05:51:30'),
(264, 8, 'Delivered', 'JGVXYU60DDO', '2019-11-24 05:51:30', '2019-11-24 05:51:30'),
(265, 32, 'Hold', 'LAUCWWUU', '2019-11-24 05:51:30', '2019-11-24 05:51:30'),
(266, 30, 'Hold', 'PBZTHD68MQX', '2019-11-24 05:51:30', '2019-11-24 05:51:30'),
(267, 50, 'Hold', 'YZDWISKE', '2019-11-24 05:51:30', '2019-11-24 05:51:30'),
(268, 37, 'Delivered', 'ERGNQIV2', '2019-11-24 05:51:30', '2019-11-24 05:51:30'),
(269, 23, 'Cancel', 'KQAERHJC', '2019-11-24 05:51:30', '2019-11-24 05:51:30'),
(270, 57, 'Delivered', 'HUDPYZRHP0J', '2019-11-24 05:51:30', '2019-11-24 05:51:30'),
(271, 31, 'Cancel', 'GFHWRN0N', '2019-11-24 05:51:30', '2019-11-24 05:51:30'),
(272, 26, 'Hold', 'WOAPGJUBKJD', '2019-11-24 05:51:30', '2019-11-24 05:51:30'),
(273, 50, 'Cancel', 'ECACHPBC', '2019-11-24 05:51:30', '2019-11-24 05:51:30'),
(274, 27, 'Delivered', 'CYTMKF93T7E', '2019-11-24 05:51:30', '2019-11-24 05:51:30'),
(275, 16, 'Cancel', 'NMHIZKRX', '2019-11-24 05:51:30', '2019-11-24 05:51:30'),
(276, 24, 'Packaging', 'IQYELKPG', '2019-11-24 05:51:30', '2019-11-24 05:51:30'),
(277, 39, 'Cancel', 'UYHNTOCQ', '2019-11-24 05:51:30', '2019-11-24 05:51:30'),
(278, 42, 'Hold', 'QFOSHIXOYR1', '2019-11-24 05:51:30', '2019-11-24 05:51:30'),
(279, 41, 'Delivered', 'NOLKVXXAY6X', '2019-11-24 05:51:30', '2019-11-24 05:51:30'),
(280, 17, 'Delivered', 'IJGIGHO7', '2019-11-24 05:51:30', '2019-11-24 05:51:30'),
(281, 60, 'Delivered', 'ESQWTMCP', '2019-11-24 05:51:30', '2019-11-24 05:51:30'),
(282, 59, 'Hold', 'ITOQFQC2799', '2019-11-24 05:51:30', '2019-11-24 05:51:30'),
(283, 18, 'Packaging', 'WBJMMAQ71I8', '2019-11-24 05:51:30', '2019-11-24 05:51:30'),
(284, 22, 'Packaging', 'EPCCCTUU', '2019-11-24 05:51:30', '2019-11-24 05:51:30'),
(285, 9, 'Hold', 'MCZVGJO0', '2019-11-24 05:51:30', '2019-11-24 05:51:30'),
(286, 40, 'Hold', 'EISHOPFEGO0', '2019-11-24 05:51:30', '2019-11-24 05:51:30'),
(287, 23, 'Delivered', 'DGTKEHDZLCK', '2019-11-24 05:51:30', '2019-11-24 05:51:30'),
(288, 22, 'Packaging', 'AUEMQH2Q', '2019-11-24 05:51:30', '2019-11-24 05:51:30'),
(289, 14, 'Delivered', 'SQGWZNU2KVY', '2019-11-24 05:51:30', '2019-11-24 05:51:30'),
(290, 9, 'Delivered', 'ELEXPSZM', '2019-11-24 05:51:30', '2019-11-24 05:51:30'),
(291, 56, 'Delivered', 'GHBECM82', '2019-11-24 05:51:30', '2019-11-24 05:51:30'),
(292, 18, 'Delivered', 'LXUWTYSDZ8T', '2019-11-24 05:51:30', '2019-11-24 05:51:30'),
(293, 57, 'Delivered', 'MWPNVQDDNLI', '2019-11-24 05:51:30', '2019-11-24 05:51:30'),
(294, 54, 'Hold', 'FBBMRCJ2', '2019-11-24 05:51:30', '2019-11-24 05:51:30'),
(295, 24, 'Hold', 'SZSKCGY1', '2019-11-24 05:51:30', '2019-11-24 05:51:30'),
(296, 34, 'Hold', 'DTDHKTDZAOE', '2019-11-24 05:51:30', '2019-11-24 05:51:30'),
(297, 35, 'Delivered', 'GUSCNL19', '2019-11-24 05:51:30', '2019-11-24 05:51:30'),
(298, 13, 'Delivered', 'CYOEKK0C', '2019-11-24 05:51:30', '2019-11-24 05:51:30'),
(299, 40, 'Cancel', 'NFUGNND7L28', '2019-11-24 05:51:30', '2019-11-24 05:51:30'),
(300, 14, 'Delivered', 'KZAJHX91', '2019-11-24 05:51:30', '2019-11-24 05:51:30'),
(301, 1, 'Delivered', 'PQIDDIRV', '2019-11-24 05:51:30', '2019-11-24 05:51:30'),
(302, 16, 'Packaging', 'FSHZCMPQ', '2019-11-24 05:51:30', '2019-11-24 05:51:30'),
(303, 25, 'Packaging', 'ARQWLJNI', '2019-11-24 05:51:30', '2019-11-24 05:51:30'),
(304, 14, 'Packaging', 'NGGPXV5ZX8N', '2019-11-24 05:51:30', '2019-11-24 05:51:30'),
(305, 7, 'Hold', 'BRFVGV7N', '2019-11-24 05:51:30', '2019-11-24 05:51:30'),
(306, 31, 'Packaging', 'KNNOFVBX', '2019-11-24 05:51:30', '2019-11-24 05:51:30'),
(307, 3, 'Packaging', 'HZLJOTEK9FZ', '2019-11-24 05:51:30', '2019-11-24 05:51:30'),
(308, 60, 'Delivered', 'OKPPEGK4', '2019-11-24 05:51:30', '2019-11-24 05:51:30'),
(309, 49, 'Packaging', 'ZWYTTAMVLQB', '2019-11-24 05:51:30', '2019-11-24 05:51:30'),
(310, 31, 'Cancel', 'JZXXMVR0PA9', '2019-11-24 05:51:30', '2019-11-24 05:51:30'),
(311, 54, 'Cancel', 'CCCOBBVBEI1', '2019-11-24 05:51:30', '2019-11-24 05:51:30'),
(312, 42, 'Cancel', 'XISHWDQBZW9', '2019-11-24 05:51:30', '2019-11-24 05:51:30'),
(313, 40, 'Packaging', 'HDDALPNY', '2019-11-24 05:51:30', '2019-11-24 05:51:30'),
(314, 25, 'Delivered', 'SQGQZGFZ', '2019-11-24 05:51:30', '2019-11-24 05:51:30'),
(315, 49, 'Delivered', 'YAJBEI85', '2019-11-24 05:51:30', '2019-11-24 05:51:30'),
(316, 29, 'Hold', 'EEMDWDQB', '2019-11-24 05:51:30', '2019-11-24 05:51:30'),
(317, 18, 'Hold', 'NYZMHDGQ43Z', '2019-11-24 05:51:30', '2019-11-24 05:51:30'),
(318, 47, 'Cancel', 'XHLBVDBY', '2019-11-24 05:51:30', '2019-11-24 05:51:30'),
(319, 31, 'Cancel', 'WFNHSJDY', '2019-11-24 05:51:30', '2019-11-24 05:51:30'),
(320, 32, 'Delivered', 'TEBFJYQL95D', '2019-11-24 05:51:30', '2019-11-24 05:51:30'),
(321, 31, 'Packaging', 'XECEJX7N', '2019-11-24 05:51:30', '2019-11-24 05:51:30'),
(322, 51, 'Packaging', 'XMLOFLCO', '2019-11-24 05:51:30', '2019-11-24 05:51:30'),
(323, 14, 'Cancel', 'EYLPJQKFMZL', '2019-11-24 05:51:30', '2019-11-24 05:51:30'),
(324, 59, 'Hold', 'VHGKOY0U', '2019-11-24 05:51:30', '2019-11-24 05:51:30'),
(325, 11, 'Packaging', 'WBRWZMXI', '2019-11-24 05:51:30', '2019-11-24 05:51:30'),
(326, 37, 'Hold', 'XQLVXP8E', '2019-11-24 05:51:30', '2019-11-24 05:51:30'),
(327, 34, 'Delivered', 'WJPWTCT4N47', '2019-11-24 05:51:30', '2019-11-24 05:51:30'),
(328, 34, 'Cancel', 'RACSULOCO3V', '2019-11-24 05:51:30', '2019-11-24 05:51:30'),
(329, 56, 'Hold', 'UOAAUGEZB5U', '2019-11-24 05:51:30', '2019-11-24 05:51:30'),
(330, 53, 'Hold', 'NAHDODCTUTK', '2019-11-24 05:51:30', '2019-11-24 05:51:30'),
(331, 6, 'Hold', 'GOOOXEAY', '2019-11-24 05:51:30', '2019-11-24 05:51:30'),
(332, 28, 'Cancel', 'DBSREJ7RJJU', '2019-11-24 05:51:30', '2019-11-24 05:51:30'),
(333, 2, 'Cancel', 'IPLELXAFP1B', '2019-11-24 05:51:30', '2019-11-24 05:51:30'),
(334, 57, 'Hold', 'JAJSZK6GYZG', '2019-11-24 05:51:30', '2019-11-24 05:51:30'),
(335, 45, 'Delivered', 'OIDITBHX', '2019-11-24 05:51:30', '2019-11-24 05:51:30'),
(336, 14, 'Packaging', 'PBWXKU642W2', '2019-11-24 05:51:30', '2019-11-24 05:51:30'),
(337, 38, 'Packaging', 'DYGRUQ0DHTP', '2019-11-24 05:51:30', '2019-11-24 05:51:30'),
(338, 35, 'Cancel', 'QSYEBT5X', '2019-11-24 05:51:30', '2019-11-24 05:51:30'),
(339, 28, 'Hold', 'APRAFSFOTQD', '2019-11-24 05:51:30', '2019-11-24 05:51:30'),
(340, 57, 'Delivered', 'CCAOTSYP', '2019-11-24 05:51:30', '2019-11-24 05:51:30'),
(341, 9, 'Hold', 'ECJVQRA7BCW', '2019-11-24 05:51:30', '2019-11-24 05:51:30'),
(342, 33, 'Packaging', 'BQUYWKQOT7X', '2019-11-24 05:51:30', '2019-11-24 05:51:30'),
(343, 59, 'Hold', 'LRJTMVKNEW4', '2019-11-24 05:51:30', '2019-11-24 05:51:30'),
(344, 51, 'Hold', 'EOUKXPGN8JU', '2019-11-24 05:51:30', '2019-11-24 05:51:30'),
(345, 29, 'Hold', 'GOHQNXJHBHZ', '2019-11-24 05:51:30', '2019-11-24 05:51:30'),
(346, 40, 'Packaging', 'WFGYUCDM', '2019-11-24 05:51:30', '2019-11-24 05:51:30'),
(347, 43, 'Cancel', 'AJPHCJ8W', '2019-11-24 05:51:30', '2019-11-24 05:51:30'),
(348, 20, 'Hold', 'TOAGGTBHBJR', '2019-11-24 05:51:30', '2019-11-24 05:51:30'),
(349, 17, 'Packaging', 'TQCHWAHQ', '2019-11-24 05:51:30', '2019-11-24 05:51:30'),
(350, 52, 'Cancel', 'MTGLNC288S2', '2019-11-24 05:51:30', '2019-11-24 05:51:30'),
(351, 7, 'Delivered', 'GIZPGTXGLGM', '2019-11-24 05:51:30', '2019-11-24 05:51:30'),
(352, 53, 'Packaging', 'UVTSUJSF7JK', '2019-11-24 05:51:30', '2019-11-24 05:51:30'),
(353, 12, 'Packaging', 'SEEPDLO8BU6', '2019-11-24 05:51:30', '2019-11-24 05:51:30'),
(354, 57, 'Delivered', 'JISORG7BL8W', '2019-11-24 05:51:30', '2019-11-24 05:51:30'),
(355, 51, 'Packaging', 'EXSRKXX3', '2019-11-24 05:51:30', '2019-11-24 05:51:30'),
(356, 24, 'Packaging', 'YMIHJCL71U1', '2019-11-24 05:51:30', '2019-11-24 05:51:30'),
(357, 3, 'Packaging', 'FJZDVKF7904', '2019-11-24 05:51:30', '2019-11-24 05:51:30'),
(358, 19, 'Packaging', 'QLONLJU131S', '2019-11-24 05:51:30', '2019-11-24 05:51:30'),
(359, 56, 'Cancel', 'MRZERQQBZJS', '2019-11-24 05:51:30', '2019-11-24 05:51:30'),
(360, 7, 'Packaging', 'PHAVVVJI', '2019-11-24 05:51:30', '2019-11-24 05:51:30'),
(361, 43, 'Packaging', 'AVLNBWEKXAJ', '2019-11-24 05:51:30', '2019-11-24 05:51:30'),
(362, 27, 'Delivered', 'LLRZRX31EIH', '2019-11-24 05:51:30', '2019-11-24 05:51:30'),
(363, 44, 'Delivered', 'LLSYVS13', '2019-11-24 05:51:30', '2019-11-24 05:51:30'),
(364, 6, 'Cancel', 'AOIOBQQB', '2019-11-24 05:51:30', '2019-11-24 05:51:30'),
(365, 59, 'Cancel', 'LOIWUQ3TR0X', '2019-11-24 05:51:30', '2019-11-24 05:51:30'),
(366, 33, 'Delivered', 'BKBRPA2SM64', '2019-11-24 05:51:30', '2019-11-24 05:51:30'),
(367, 8, 'Hold', 'FEKNXBFD1Z1', '2019-11-24 05:51:30', '2019-11-24 05:51:30'),
(368, 16, 'Delivered', 'KCVDTMGFENE', '2019-11-24 05:51:30', '2019-11-24 05:51:30'),
(369, 6, 'Delivered', 'BWOGAYBL', '2019-11-24 05:51:30', '2019-11-24 05:51:30'),
(370, 52, 'Packaging', 'AYJHHRHCL1C', '2019-11-24 05:51:30', '2019-11-24 05:51:30'),
(371, 47, 'Cancel', 'PCRDNGIOM4B', '2019-11-24 05:51:30', '2019-11-24 05:51:30'),
(372, 57, 'Cancel', 'LPPOCYMOUK7', '2019-11-24 05:51:30', '2019-11-24 05:51:30'),
(373, 12, 'Hold', 'JPKSKL5TEHS', '2019-11-24 05:51:30', '2019-11-24 05:51:30'),
(374, 9, 'Cancel', 'NKKZTN5Y', '2019-11-24 05:51:30', '2019-11-24 05:51:30'),
(375, 34, 'Cancel', 'VFOWAJSA', '2019-11-24 05:51:30', '2019-11-24 05:51:30'),
(376, 38, 'Delivered', 'QCPXCY3OQ13', '2019-11-24 05:51:30', '2019-11-24 05:51:30'),
(377, 18, 'Packaging', 'BSXNTD5D', '2019-11-24 05:51:30', '2019-11-24 05:51:30'),
(378, 1, 'Packaging', 'RWRISQDC', '2019-11-24 05:51:30', '2019-11-24 05:51:30'),
(379, 13, 'Delivered', 'FLVGOW9C', '2019-11-24 05:51:30', '2019-11-24 05:51:30'),
(380, 9, 'Hold', 'NIVDDN0FWSJ', '2019-11-24 05:51:30', '2019-11-24 05:51:30'),
(381, 16, 'Delivered', 'JVVSNOX0GVS', '2019-11-24 05:51:30', '2019-11-24 05:51:30'),
(382, 58, 'Delivered', 'MBGSZRM3', '2019-11-24 05:51:30', '2019-11-24 05:51:30'),
(383, 8, 'Delivered', 'JIACMP5Q', '2019-11-24 05:51:30', '2019-11-24 05:51:30'),
(384, 17, 'Delivered', 'DUITNFKH2TN', '2019-11-24 05:51:30', '2019-11-24 05:51:30'),
(385, 30, 'Cancel', 'AOQFJDMCRGH', '2019-11-24 05:51:30', '2019-11-24 05:51:30'),
(386, 54, 'Cancel', 'HRRFFJY30UI', '2019-11-24 05:51:30', '2019-11-24 05:51:30'),
(387, 9, 'Packaging', 'MPNPQKAQAY3', '2019-11-24 05:51:30', '2019-11-24 05:51:30'),
(388, 54, 'Packaging', 'VHSJVH00', '2019-11-24 05:51:30', '2019-11-24 05:51:30'),
(389, 36, 'Packaging', 'DAHGPTFA', '2019-11-24 05:51:30', '2019-11-24 05:51:30'),
(390, 35, 'Hold', 'TRMMQPIVAVJ', '2019-11-24 05:51:30', '2019-11-24 05:51:30'),
(391, 58, 'Packaging', 'KZHTPAAO', '2019-11-24 05:51:30', '2019-11-24 05:51:30'),
(392, 47, 'Packaging', 'ULTDLO9BUY1', '2019-11-24 05:51:30', '2019-11-24 05:51:30'),
(393, 28, 'Delivered', 'WKSNQVZF', '2019-11-24 05:51:30', '2019-11-24 05:51:30'),
(394, 52, 'Hold', 'NZVBNIVWC9R', '2019-11-24 05:51:30', '2019-11-24 05:51:30'),
(395, 58, 'Delivered', 'XNPWBSO0', '2019-11-24 05:51:30', '2019-11-24 05:51:30'),
(396, 58, 'Delivered', 'RCJHNXV3', '2019-11-24 05:51:30', '2019-11-24 05:51:30'),
(397, 51, 'Cancel', 'KIMVEIBLVDQ', '2019-11-24 05:51:30', '2019-11-24 05:51:30'),
(398, 53, 'Hold', 'ZSLYVIP37IB', '2019-11-24 05:51:30', '2019-11-24 05:51:30'),
(399, 25, 'Packaging', 'PELICCWP', '2019-11-24 05:51:30', '2019-11-24 05:51:30'),
(400, 30, 'Packaging', 'HMOODI6T', '2019-11-24 05:51:30', '2019-11-24 05:51:30'),
(401, 45, 'Cancel', 'DLASTJDJ', '2019-11-24 05:51:30', '2019-11-24 05:51:30'),
(402, 23, 'Delivered', 'NTEMHOIU', '2019-11-24 05:51:30', '2019-11-24 05:51:30'),
(403, 17, 'Delivered', 'CUPTISJF', '2019-11-24 05:51:30', '2019-11-24 05:51:30'),
(404, 37, 'Packaging', 'SSKDSJN5LHO', '2019-11-24 05:51:30', '2019-11-24 05:51:30'),
(405, 36, 'Delivered', 'NMVRZPSW', '2019-11-24 05:51:30', '2019-11-24 05:51:30'),
(406, 17, 'Delivered', 'IAKELY3C6B5', '2019-11-24 05:51:30', '2019-11-24 05:51:30'),
(407, 34, 'Cancel', 'WOPEFNE9', '2019-11-24 05:51:30', '2019-11-24 05:51:30'),
(408, 7, 'Packaging', 'UNVCGFHVR0W', '2019-11-24 05:51:30', '2019-11-24 05:51:30'),
(409, 40, 'Cancel', 'PDLSZX32', '2019-11-24 05:51:30', '2019-11-24 05:51:30'),
(410, 1, 'Packaging', 'LAIDWWUIATF', '2019-11-24 05:51:30', '2019-11-24 05:51:30'),
(411, 40, 'Packaging', 'ZNSUDWOOXRV', '2019-11-24 05:51:30', '2019-11-24 05:51:30'),
(412, 6, 'Packaging', 'SYKOHD75', '2019-11-24 05:51:30', '2019-11-24 05:51:30'),
(413, 20, 'Cancel', 'ERVSFDZA4E6', '2019-11-24 05:51:30', '2019-11-24 05:51:30'),
(414, 51, 'Hold', 'BKNHNTRM7X9', '2019-11-24 05:51:30', '2019-11-24 05:51:30'),
(415, 25, 'Hold', 'CPBIYCJV', '2019-11-24 05:51:30', '2019-11-24 05:51:30'),
(416, 15, 'Delivered', 'VPUANTPO', '2019-11-24 05:51:30', '2019-11-24 05:51:30'),
(417, 49, 'Cancel', 'WWPWUEI1', '2019-11-24 05:51:30', '2019-11-24 05:51:30'),
(418, 3, 'Hold', 'TMNNBTZ4', '2019-11-24 05:51:30', '2019-11-24 05:51:30'),
(419, 56, 'Cancel', 'YAWGEKBP921', '2019-11-24 05:51:30', '2019-11-24 05:51:30'),
(420, 56, 'Packaging', 'IRKUQRH9IPS', '2019-11-24 05:51:30', '2019-11-24 05:51:30'),
(421, 51, 'Delivered', 'UUSTFFI7', '2019-11-24 05:51:30', '2019-11-24 05:51:30'),
(422, 3, 'Hold', 'FBMJAU78', '2019-11-24 05:51:30', '2019-11-24 05:51:30'),
(423, 28, 'Hold', 'SEWABQTNUTA', '2019-11-24 05:51:30', '2019-11-24 05:51:30'),
(424, 8, 'Delivered', 'ZIOSJW0EZDI', '2019-11-24 05:51:30', '2019-11-24 05:51:30'),
(425, 18, 'Delivered', 'UTDCXO1HA64', '2019-11-24 05:51:30', '2019-11-24 05:51:30'),
(426, 10, 'Delivered', 'EQNCOCSQ', '2019-11-24 05:51:30', '2019-11-24 05:51:30'),
(427, 17, 'Delivered', 'YBAUISRE', '2019-11-24 05:51:30', '2019-11-24 05:51:30'),
(428, 20, 'Hold', 'YBBPLEVWQRT', '2019-11-24 05:51:30', '2019-11-24 05:51:30'),
(429, 7, 'Delivered', 'EMWHTQMY', '2019-11-24 05:51:30', '2019-11-24 05:51:30'),
(430, 30, 'Hold', 'WIUBZACL', '2019-11-24 05:51:30', '2019-11-24 05:51:30'),
(431, 54, 'Cancel', 'WVSVEEPV4I0', '2019-11-24 05:51:30', '2019-11-24 05:51:30'),
(432, 16, 'Hold', 'YYORXISLX4F', '2019-11-24 05:51:30', '2019-11-24 05:51:30'),
(433, 31, 'Packaging', 'PKGBSLUM', '2019-11-24 05:51:30', '2019-11-24 05:51:30'),
(434, 39, 'Hold', 'IPXGODRF6JM', '2019-11-24 05:51:30', '2019-11-24 05:51:30'),
(435, 35, 'Packaging', 'LOQTYA9T', '2019-11-24 05:51:30', '2019-11-24 05:51:30'),
(436, 7, 'Hold', 'FNJHKXML', '2019-11-24 05:51:30', '2019-11-24 05:51:30'),
(437, 28, 'Cancel', 'OUFTXVEUWSI', '2019-11-24 05:51:30', '2019-11-24 05:51:30'),
(438, 29, 'Hold', 'DQNPQMWQNVU', '2019-11-24 05:51:30', '2019-11-24 05:51:30'),
(439, 51, 'Delivered', 'BXSLZYMS', '2019-11-24 05:51:30', '2019-11-24 05:51:30'),
(440, 2, 'Packaging', 'XOYJBC0M', '2019-11-24 05:51:30', '2019-11-24 05:51:30'),
(441, 29, 'Packaging', 'ZLPHXTN8OFO', '2019-11-24 05:51:30', '2019-11-24 05:51:30'),
(442, 32, 'Cancel', 'BNQAWJHEAMR', '2019-11-24 05:51:30', '2019-11-24 05:51:30'),
(443, 40, 'Hold', 'MPXTTB668JZ', '2019-11-24 05:51:30', '2019-11-24 05:51:30'),
(444, 51, 'Packaging', 'TCZDQP74', '2019-11-24 05:51:30', '2019-11-24 05:51:30'),
(445, 48, 'Delivered', 'VBXCBZTU', '2019-11-24 05:51:30', '2019-11-24 05:51:30'),
(446, 38, 'Cancel', 'GPWRQCU8G9V', '2019-11-24 05:51:30', '2019-11-24 05:51:30'),
(447, 58, 'Cancel', 'DKXOPSFA4ZG', '2019-11-24 05:51:30', '2019-11-24 05:51:30'),
(448, 45, 'Cancel', 'XXZEPP31', '2019-11-24 05:51:30', '2019-11-24 05:51:30'),
(449, 55, 'Delivered', 'GZFNZQAPE2K', '2019-11-24 05:51:30', '2019-11-24 05:51:30'),
(450, 55, 'Packaging', 'NWAORJ76GY9', '2019-11-24 05:51:30', '2019-11-24 05:51:30'),
(451, 16, 'Delivered', 'SXPGTSXTQR2', '2019-11-24 05:51:30', '2019-11-24 05:51:30'),
(452, 44, 'Hold', 'MJKNEJ2TESB', '2019-11-24 05:51:30', '2019-11-24 05:51:30'),
(453, 31, 'Hold', 'XZJKCT1C03O', '2019-11-24 05:51:30', '2019-11-24 05:51:30'),
(454, 35, 'Packaging', 'OEYTCXKQ2MQ', '2019-11-24 05:51:30', '2019-11-24 05:51:30'),
(455, 44, 'Delivered', 'RIHZZRU2', '2019-11-24 05:51:30', '2019-11-24 05:51:30'),
(456, 47, 'Cancel', 'DYPXBW3H', '2019-11-24 05:51:30', '2019-11-24 05:51:30'),
(457, 35, 'Delivered', 'NDUWYJYGK5M', '2019-11-24 05:51:30', '2019-11-24 05:51:30'),
(458, 38, 'Packaging', 'HPUYZJJC', '2019-11-24 05:51:30', '2019-11-24 05:51:30'),
(459, 51, 'Delivered', 'PGUTHE19EZA', '2019-11-24 05:51:30', '2019-11-24 05:51:30'),
(460, 43, 'Hold', 'ECSRUSUN', '2019-11-24 05:51:30', '2019-11-24 05:51:30'),
(461, 53, 'Delivered', 'PZDMJVXM', '2019-11-24 05:51:30', '2019-11-24 05:51:30'),
(462, 34, 'Cancel', 'GGMQIGKA', '2019-11-24 05:51:30', '2019-11-24 05:51:30'),
(463, 4, 'Hold', 'HCUKHOLV', '2019-11-24 05:51:30', '2019-11-24 05:51:30'),
(464, 48, 'Packaging', 'CSDSLIHUHKG', '2019-11-24 05:51:30', '2019-11-24 05:51:30'),
(465, 14, 'Cancel', 'KFBSXRAW', '2019-11-24 05:51:30', '2019-11-24 05:51:30'),
(466, 57, 'Hold', 'LUVQYEVZCSL', '2019-11-24 05:51:30', '2019-11-24 05:51:30'),
(467, 50, 'Cancel', 'KAWLVC4A', '2019-11-24 05:51:30', '2019-11-24 05:51:30'),
(468, 19, 'Cancel', 'HLCHCU9XCN0', '2019-11-24 05:51:30', '2019-11-24 05:51:30'),
(469, 8, 'Packaging', 'FEUFUS73', '2019-11-24 05:51:30', '2019-11-24 05:51:30'),
(470, 53, 'Cancel', 'JSGGDE0A', '2019-11-24 05:51:30', '2019-11-24 05:51:30'),
(471, 33, 'Packaging', 'VGDGCSHL', '2019-11-24 05:51:30', '2019-11-24 05:51:30'),
(472, 11, 'Packaging', 'TWXKYDE1N78', '2019-11-24 05:51:30', '2019-11-24 05:51:30'),
(473, 39, 'Delivered', 'VYKJSVNB9YY', '2019-11-24 05:51:30', '2019-11-24 05:51:30'),
(474, 54, 'Cancel', 'SIJZVR9Q', '2019-11-24 05:51:30', '2019-11-24 05:51:30'),
(475, 30, 'Delivered', 'JWTTTIB8', '2019-11-24 05:51:30', '2019-11-24 05:51:30'),
(476, 33, 'Cancel', 'QKWIPBP8', '2019-11-24 05:51:30', '2019-11-24 05:51:30'),
(477, 22, 'Hold', 'SSWXRQPWII1', '2019-11-24 05:51:30', '2019-11-24 05:51:30'),
(478, 56, 'Packaging', 'FTMPSR1FM9Y', '2019-11-24 05:51:30', '2019-11-24 05:51:30'),
(479, 27, 'Cancel', 'XQURGLPB', '2019-11-24 05:51:30', '2019-11-24 05:51:30'),
(480, 21, 'Packaging', 'HEZFJR0KD31', '2019-11-24 05:51:30', '2019-11-24 05:51:30'),
(481, 48, 'Packaging', 'JHIKFIG3', '2019-11-24 05:51:30', '2019-11-24 05:51:30'),
(482, 11, 'Delivered', 'VHROCFOJ47X', '2019-11-24 05:51:30', '2019-11-24 05:51:30'),
(483, 9, 'Hold', 'AITZPMSK8G1', '2019-11-24 05:51:30', '2019-11-24 05:51:30'),
(484, 20, 'Cancel', 'OGFUJJIQP1X', '2019-11-24 05:51:30', '2019-11-24 05:51:30'),
(485, 59, 'Hold', 'UPHXLCHF', '2019-11-24 05:51:30', '2019-11-24 05:51:30'),
(486, 29, 'Delivered', 'MMZHWZ4CEVW', '2019-11-24 05:51:30', '2019-11-24 05:51:30'),
(487, 14, 'Cancel', 'OZRWGRJRLLX', '2019-11-24 05:51:30', '2019-11-24 05:51:30'),
(488, 8, 'Cancel', 'RXSHLI45', '2019-11-24 05:51:30', '2019-11-24 05:51:30'),
(489, 9, 'Cancel', 'PHECLWXGL3V', '2019-11-24 05:51:30', '2019-11-24 05:51:30'),
(490, 37, 'Packaging', 'RGEHSUFRDGS', '2019-11-24 05:51:30', '2019-11-24 05:51:30'),
(491, 31, 'Cancel', 'LZSAYCCS1EZ', '2019-11-24 05:51:30', '2019-11-24 05:51:30'),
(492, 11, 'Cancel', 'TLPQKH0V', '2019-11-24 05:51:30', '2019-11-24 05:51:30'),
(493, 31, 'Packaging', 'GLKNPRXQDX7', '2019-11-24 05:51:30', '2019-11-24 05:51:30'),
(494, 59, 'Cancel', 'KLPKNAITDX0', '2019-11-24 05:51:30', '2019-11-24 05:51:30'),
(495, 58, 'Packaging', 'TLDPJSCZ', '2019-11-24 05:51:30', '2019-11-24 05:51:30'),
(496, 21, 'Hold', 'ECUGPTYOC0C', '2019-11-24 05:51:30', '2019-11-24 05:51:30'),
(497, 48, 'Packaging', 'NGGPOULQ', '2019-11-24 05:51:30', '2019-11-24 05:51:30'),
(498, 36, 'Packaging', 'PHDEEZG2', '2019-11-24 05:51:30', '2019-11-24 05:51:30'),
(499, 3, 'Packaging', 'GQRFMYXQ', '2019-11-24 05:51:30', '2019-11-24 05:51:30'),
(500, 21, 'Packaging', 'QLHXMZ3J', '2019-11-24 05:51:30', '2019-11-24 05:51:30'),
(501, 42, 'Cancel', 'WZJLBUU8UOM', '2019-11-24 05:51:30', '2019-11-24 05:51:30'),
(502, 24, 'Packaging', 'HJEZVFVMHRS', '2019-11-24 05:51:30', '2019-11-24 05:51:30'),
(503, 28, 'Packaging', 'QTGKLQB3', '2019-11-24 05:51:30', '2019-11-24 05:51:30'),
(504, 4, 'Cancel', 'UQMFXUPN5NU', '2019-11-24 05:51:30', '2019-11-24 05:51:30'),
(505, 10, 'Cancel', 'FSRYQUE2PE2', '2019-11-24 05:51:30', '2019-11-24 05:51:30'),
(506, 57, 'Packaging', 'SSJWIPD0OWR', '2019-11-24 05:51:30', '2019-11-24 05:51:30'),
(507, 58, 'Delivered', 'HBEWEIXS', '2019-11-24 05:51:30', '2019-11-24 05:51:30'),
(508, 41, 'Delivered', 'MREZPO7SP09', '2019-11-24 05:51:30', '2019-11-24 05:51:30'),
(509, 16, 'Delivered', 'EYDWIHQ4', '2019-11-24 05:51:30', '2019-11-24 05:51:30'),
(510, 22, 'Hold', 'VEBFFJ3J', '2019-11-24 05:51:30', '2019-11-24 05:51:30'),
(511, 54, 'Packaging', 'ZZGCOG7H', '2019-11-24 05:51:30', '2019-11-24 05:51:30'),
(512, 38, 'Hold', 'UGSSPKIF', '2019-11-24 05:51:30', '2019-11-24 05:51:30'),
(513, 15, 'Delivered', 'JECFXUI7', '2019-11-24 05:51:30', '2019-11-24 05:51:30'),
(514, 31, 'Hold', 'FXJTHNRBDSG', '2019-11-24 05:51:30', '2019-11-24 05:51:30'),
(515, 49, 'Delivered', 'RWKXIWO1N1P', '2019-11-24 05:51:30', '2019-11-24 05:51:30'),
(516, 39, 'Cancel', 'PIPHBRLC', '2019-11-24 05:51:30', '2019-11-24 05:51:30'),
(517, 43, 'Hold', 'GRSGKU1M', '2019-11-24 05:51:30', '2019-11-24 05:51:30'),
(518, 59, 'Cancel', 'FMPJMVZG', '2019-11-24 05:51:30', '2019-11-24 05:51:30'),
(519, 27, 'Cancel', 'JKAYTQAH', '2019-11-24 05:51:30', '2019-11-24 05:51:30'),
(520, 10, 'Cancel', 'TCLVXKOH5XQ', '2019-11-24 05:51:30', '2019-11-24 05:51:30'),
(521, 5, 'Cancel', 'OUKYZX91', '2019-11-24 05:51:30', '2019-11-24 05:51:30'),
(522, 11, 'Hold', 'NWPNUWSR', '2019-11-24 05:51:30', '2019-11-24 05:51:30'),
(523, 42, 'Delivered', 'QKEQGGJK', '2019-11-24 05:51:30', '2019-11-24 05:51:30'),
(524, 21, 'Packaging', 'NTUUCWW4', '2019-11-24 05:51:30', '2019-11-24 05:51:30'),
(525, 46, 'Delivered', 'MPBJIKMT6TR', '2019-11-24 05:51:30', '2019-11-24 05:51:30'),
(526, 58, 'Delivered', 'ZXBHLQGH', '2019-11-24 05:51:30', '2019-11-24 05:51:30'),
(527, 46, 'Hold', 'NZOEXZRFV32', '2019-11-24 05:51:30', '2019-11-24 05:51:30'),
(528, 1, 'Cancel', 'LPBODAR8XRM', '2019-11-24 05:51:30', '2019-11-24 05:51:30'),
(529, 18, 'Hold', 'NVFTAMJ8', '2019-11-24 05:51:30', '2019-11-24 05:51:30'),
(530, 32, 'Cancel', 'MQRCUDH2F7X', '2019-11-24 05:51:30', '2019-11-24 05:51:30'),
(531, 39, 'Delivered', 'KMSFVFQD', '2019-11-24 05:51:30', '2019-11-24 05:51:30'),
(532, 34, 'Packaging', 'JENFAFNN', '2019-11-24 05:51:30', '2019-11-24 05:51:30'),
(533, 16, 'Packaging', 'QYUTSL4DZJD', '2019-11-24 05:51:30', '2019-11-24 05:51:30'),
(534, 22, 'Cancel', 'WTJUEGQ6', '2019-11-24 05:51:30', '2019-11-24 05:51:30'),
(535, 9, 'Hold', 'GCATAUSE', '2019-11-24 05:51:30', '2019-11-24 05:51:30'),
(536, 25, 'Hold', 'XXKSRAJ0', '2019-11-24 05:51:30', '2019-11-24 05:51:30'),
(537, 41, 'Packaging', 'CANMOSHP4E4', '2019-11-24 05:51:30', '2019-11-24 05:51:30'),
(538, 53, 'Cancel', 'EAVHNYN2CW6', '2019-11-24 05:51:30', '2019-11-24 05:51:30'),
(539, 3, 'Packaging', 'PRNDHOCO', '2019-11-24 05:51:30', '2019-11-24 05:51:30'),
(540, 29, 'Packaging', 'ZZSFLKXM', '2019-11-24 05:51:30', '2019-11-24 05:51:30'),
(541, 23, 'Packaging', 'PIIQTEN6', '2019-11-24 05:51:30', '2019-11-24 05:51:30'),
(542, 9, 'Hold', 'LIECPAA91DL', '2019-11-24 05:51:30', '2019-11-24 05:51:30'),
(543, 59, 'Cancel', 'HZIXIZ253JK', '2019-11-24 05:51:30', '2019-11-24 05:51:30'),
(544, 27, 'Hold', 'RBUKFAT04LW', '2019-11-24 05:51:30', '2019-11-24 05:51:30'),
(545, 19, 'Cancel', 'BCTCZWCY', '2019-11-24 05:51:30', '2019-11-24 05:51:30'),
(546, 56, 'Cancel', 'XMUAHTVU', '2019-11-24 05:51:30', '2019-11-24 05:51:30'),
(547, 7, 'Packaging', 'GJGVXETGW83', '2019-11-24 05:51:30', '2019-11-24 05:51:30'),
(548, 58, 'Hold', 'MWAOFTWS4NN', '2019-11-24 05:51:30', '2019-11-24 05:51:30'),
(549, 14, 'Delivered', 'PUNNGMLQ', '2019-11-24 05:51:30', '2019-11-24 05:51:30'),
(550, 50, 'Cancel', 'HGHLQNPL', '2019-11-24 05:51:30', '2019-11-24 05:51:30'),
(551, 24, 'Hold', 'CFHNYML0', '2019-11-24 05:51:30', '2019-11-24 05:51:30'),
(552, 55, 'Packaging', 'ZOCELAPJVZD', '2019-11-24 05:51:30', '2019-11-24 05:51:30'),
(553, 46, 'Delivered', 'GDWGOD2Q9BB', '2019-11-24 05:51:30', '2019-11-24 05:51:30'),
(554, 28, 'Hold', 'RKUTUHP3', '2019-11-24 05:51:30', '2019-11-24 05:51:30'),
(555, 51, 'Packaging', 'TIVHEDD2', '2019-11-24 05:51:30', '2019-11-24 05:51:30'),
(556, 44, 'Packaging', 'YVQZXJPI', '2019-11-24 05:51:30', '2019-11-24 05:51:30'),
(557, 56, 'Cancel', 'DUFXLEBI5F7', '2019-11-24 05:51:30', '2019-11-24 05:51:30'),
(558, 45, 'Packaging', 'YAPBUAMV', '2019-11-24 05:51:30', '2019-11-24 05:51:30'),
(559, 23, 'Hold', 'ZGPYMYQM', '2019-11-24 05:51:30', '2019-11-24 05:51:30'),
(560, 18, 'Hold', 'BZAZYPJVC1D', '2019-11-24 05:51:30', '2019-11-24 05:51:30'),
(561, 31, 'Cancel', 'VIOIBY9Y8TY', '2019-11-24 05:51:30', '2019-11-24 05:51:30'),
(562, 54, 'Delivered', 'FWXODZ9V', '2019-11-24 05:51:30', '2019-11-24 05:51:30'),
(563, 15, 'Delivered', 'UVIAIV2RUFC', '2019-11-24 05:51:30', '2019-11-24 05:51:30'),
(564, 8, 'Cancel', 'WBBUXL6NP48', '2019-11-24 05:51:30', '2019-11-24 05:51:30'),
(565, 45, 'Packaging', 'KOOUGULE', '2019-11-24 05:51:30', '2019-11-24 05:51:30'),
(566, 52, 'Cancel', 'AXEOCNSZCNI', '2019-11-24 05:51:30', '2019-11-24 05:51:30'),
(567, 34, 'Cancel', 'IYIIHJOPB3O', '2019-11-24 05:51:30', '2019-11-24 05:51:30'),
(568, 59, 'Delivered', 'QBMDOWGB', '2019-11-24 05:51:30', '2019-11-24 05:51:30'),
(569, 5, 'Delivered', 'ZJKVIM0978J', '2019-11-24 05:51:30', '2019-11-24 05:51:30'),
(570, 34, 'Hold', 'BGZARYQD', '2019-11-24 05:51:30', '2019-11-24 05:51:30'),
(571, 17, 'Delivered', 'PKIIHGQP', '2019-11-24 05:51:30', '2019-11-24 05:51:30'),
(572, 30, 'Cancel', 'ODYMKXDHLR1', '2019-11-24 05:51:30', '2019-11-24 05:51:30'),
(573, 46, 'Packaging', 'RSGDBEU5', '2019-11-24 05:51:30', '2019-11-24 05:51:30'),
(574, 40, 'Packaging', 'REPQNIQ5', '2019-11-24 05:51:30', '2019-11-24 05:51:30'),
(575, 48, 'Delivered', 'AGKOSGGPRZ4', '2019-11-24 05:51:30', '2019-11-24 05:51:30'),
(576, 34, 'Packaging', 'LGBRVTJ0RPS', '2019-11-24 05:51:30', '2019-11-24 05:51:30'),
(577, 56, 'Hold', 'TYPHGEX8P3E', '2019-11-24 05:51:30', '2019-11-24 05:51:30'),
(578, 24, 'Delivered', 'RGRNHUWJ9C0', '2019-11-24 05:51:30', '2019-11-24 05:51:30'),
(579, 43, 'Delivered', 'YRPDKEC1', '2019-11-24 05:51:30', '2019-11-24 05:51:30'),
(580, 2, 'Cancel', 'SGILRSBSDK5', '2019-11-24 05:51:30', '2019-11-24 05:51:30'),
(581, 33, 'Packaging', 'WLDFSBTRJV7', '2019-11-24 05:51:30', '2019-11-24 05:51:30'),
(582, 54, 'Delivered', 'IUCPIEN6R4L', '2019-11-24 05:51:30', '2019-11-24 05:51:30'),
(583, 45, 'Cancel', 'VAHLWMZ0O2S', '2019-11-24 05:51:30', '2019-11-24 05:51:30'),
(584, 22, 'Hold', 'BEFLSPPMVTH', '2019-11-24 05:51:30', '2019-11-24 05:51:30'),
(585, 37, 'Delivered', 'IEICIWV1', '2019-11-24 05:51:30', '2019-11-24 05:51:30'),
(586, 4, 'Cancel', 'PCJFZSQX', '2019-11-24 05:51:30', '2019-11-24 05:51:30'),
(587, 28, 'Cancel', 'CIJDHYTD5JG', '2019-11-24 05:51:30', '2019-11-24 05:51:30'),
(588, 3, 'Cancel', 'POZKPL23', '2019-11-24 05:51:30', '2019-11-24 05:51:30'),
(589, 11, 'Delivered', 'LNLXQMFZ31P', '2019-11-24 05:51:30', '2019-11-24 05:51:30'),
(590, 41, 'Cancel', 'GMSGXDOB', '2019-11-24 05:51:30', '2019-11-24 05:51:30'),
(591, 38, 'Packaging', 'WRJZBY3R', '2019-11-24 05:51:30', '2019-11-24 05:51:30'),
(592, 36, 'Delivered', 'EJLALOCE', '2019-11-24 05:51:30', '2019-11-24 05:51:30'),
(593, 52, 'Cancel', 'ACKOMNRBK5I', '2019-11-24 05:51:30', '2019-11-24 05:51:30'),
(594, 45, 'Cancel', 'YJAGMMIYYNZ', '2019-11-24 05:51:30', '2019-11-24 05:51:30'),
(595, 51, 'Cancel', 'CICVIAB9VEP', '2019-11-24 05:51:30', '2019-11-24 05:51:30'),
(596, 54, 'Hold', 'JIDOIINUDJJ', '2019-11-24 05:51:30', '2019-11-24 05:51:30'),
(597, 53, 'Cancel', 'NHHHULTJ', '2019-11-24 05:51:30', '2019-11-24 05:51:30'),
(598, 41, 'Packaging', 'JXXWWO4DIAK', '2019-11-24 05:51:30', '2019-11-24 05:51:30'),
(599, 21, 'Cancel', 'KZNSMLPXVEF', '2019-11-24 05:51:30', '2019-11-24 05:51:30'),
(600, 31, 'Cancel', 'TASEQJ0C80G', '2019-11-24 05:51:30', '2019-11-24 05:51:30'),
(601, 42, 'Packaging', 'XVKVMCMQ', '2019-11-24 05:51:30', '2019-11-24 05:51:30'),
(602, 39, 'Packaging', 'QYLKWMJM', '2019-11-24 05:51:30', '2019-11-24 05:51:30'),
(603, 5, 'Delivered', 'ZJXZYO02TZ6', '2019-11-24 05:51:30', '2019-11-24 05:51:30'),
(604, 23, 'Cancel', 'ZOURZEFN', '2019-11-24 05:51:30', '2019-11-24 05:51:30'),
(605, 12, 'Cancel', 'FVYWVTOP', '2019-11-24 05:51:30', '2019-11-24 05:51:30'),
(606, 21, 'Packaging', 'ICSOFFO38UQ', '2019-11-24 05:51:30', '2019-11-24 05:51:30'),
(607, 56, 'Delivered', 'HLEGMAYTL75', '2019-11-24 05:51:30', '2019-11-24 05:51:30'),
(608, 9, 'Hold', 'KWGTMN0L28J', '2019-11-24 05:51:30', '2019-11-24 05:51:30'),
(609, 16, 'Delivered', 'CNEDFIXU', '2019-11-24 05:51:30', '2019-11-24 05:51:30'),
(610, 53, 'Hold', 'AWVNFLR4I9Q', '2019-11-24 05:51:30', '2019-11-24 05:51:30'),
(611, 9, 'Packaging', 'OYEBLAEB', '2019-11-24 05:51:30', '2019-11-24 05:51:30'),
(612, 35, 'Packaging', 'RMNEJN3TG98', '2019-11-24 05:51:30', '2019-11-24 05:51:30'),
(613, 43, 'Cancel', 'YGZOZD60LT0', '2019-11-24 05:51:30', '2019-11-24 05:51:30'),
(614, 51, 'Cancel', 'NAFRHED4GI4', '2019-11-24 05:51:30', '2019-11-24 05:51:30'),
(615, 39, 'Hold', 'SCCIFPZAYS1', '2019-11-24 05:51:30', '2019-11-24 05:51:30'),
(616, 51, 'Cancel', 'QVLOGGY7', '2019-11-24 05:51:30', '2019-11-24 05:51:30'),
(617, 19, 'Delivered', 'ZAFYZVQM', '2019-11-24 05:51:30', '2019-11-24 05:51:30'),
(618, 21, 'Delivered', 'OBPUGYIP', '2019-11-24 05:51:30', '2019-11-24 05:51:30'),
(619, 35, 'Delivered', 'RAPJLT2TUD0', '2019-11-24 05:51:30', '2019-11-24 05:51:30'),
(620, 41, 'Cancel', 'ZTTIPK4IJ6O', '2019-11-24 05:51:30', '2019-11-24 05:51:30'),
(621, 51, 'Cancel', 'QVOXGJW7', '2019-11-24 05:51:30', '2019-11-24 05:51:30'),
(622, 37, 'Hold', 'KJSRSMON79A', '2019-11-24 05:51:30', '2019-11-24 05:51:30'),
(623, 21, 'Hold', 'MNPFMQK1LW6', '2019-11-24 05:51:30', '2019-11-24 05:51:30'),
(624, 27, 'Hold', 'VPFDSRVL', '2019-11-24 05:51:30', '2019-11-24 05:51:30'),
(625, 55, 'Cancel', 'UJRWTQIG', '2019-11-24 05:51:30', '2019-11-24 05:51:30'),
(626, 37, 'Delivered', 'TJUUZLHK', '2019-11-24 05:51:30', '2019-11-24 05:51:30'),
(627, 55, 'Packaging', 'VGQOMHZW', '2019-11-24 05:51:30', '2019-11-24 05:51:30'),
(628, 38, 'Delivered', 'AXMZPENM', '2019-11-24 05:51:30', '2019-11-24 05:51:30'),
(629, 29, 'Cancel', 'DFGTNTDQTTE', '2019-11-24 05:51:30', '2019-11-24 05:51:30');
INSERT INTO `orders` (`id`, `customer_id`, `state`, `order_number`, `created_at`, `updated_at`) VALUES
(630, 46, 'Packaging', 'BUMEBNJ2NIU', '2019-11-24 05:51:30', '2019-11-24 05:51:30'),
(631, 48, 'Packaging', 'EMEEFI38', '2019-11-24 05:51:30', '2019-11-24 05:51:30'),
(632, 34, 'Hold', 'SLJJKV9MO8G', '2019-11-24 05:51:30', '2019-11-24 05:51:30'),
(633, 48, 'Cancel', 'ZVMENO8UCQP', '2019-11-24 05:51:30', '2019-11-24 05:51:30'),
(634, 27, 'Delivered', 'MUGTOOIR', '2019-11-24 05:51:30', '2019-11-24 05:51:30'),
(635, 5, 'Hold', 'UJUTUMSJ', '2019-11-24 05:51:30', '2019-11-24 05:51:30'),
(636, 7, 'Hold', 'EWVFAD85', '2019-11-24 05:51:30', '2019-11-24 05:51:30'),
(637, 30, 'Packaging', 'ANKIPTX4', '2019-11-24 05:51:30', '2019-11-24 05:51:30'),
(638, 2, 'Cancel', 'DLOGBF91A1V', '2019-11-24 05:51:30', '2019-11-24 05:51:30'),
(639, 60, 'Cancel', 'HSETEAVB', '2019-11-24 05:51:30', '2019-11-24 05:51:30'),
(640, 29, 'Cancel', 'LYLLALV0A34', '2019-11-24 05:51:30', '2019-11-24 05:51:30'),
(641, 2, 'Hold', 'LBHWXGEP9GL', '2019-11-24 05:51:30', '2019-11-24 05:51:30'),
(642, 10, 'Hold', 'LCVBRD914LC', '2019-11-24 05:51:30', '2019-11-24 05:51:30'),
(643, 38, 'Delivered', 'NQXPCP5P48P', '2019-11-24 05:51:30', '2019-11-24 05:51:30'),
(644, 11, 'Hold', 'SAXUQSSO', '2019-11-24 05:51:30', '2019-11-24 05:51:30'),
(645, 3, 'Cancel', 'DKSNEYX4', '2019-11-24 05:51:30', '2019-11-24 05:51:30'),
(646, 44, 'Cancel', 'AJEXYRJ1', '2019-11-24 05:51:30', '2019-11-24 05:51:30'),
(647, 16, 'Delivered', 'LGINAZXOGSE', '2019-11-24 05:51:30', '2019-11-24 05:51:30'),
(648, 33, 'Delivered', 'TZMQUYC1', '2019-11-24 05:51:30', '2019-11-24 05:51:30'),
(649, 54, 'Delivered', 'HOGIJF9T3DN', '2019-11-24 05:51:30', '2019-11-24 05:51:30'),
(650, 31, 'Cancel', 'WUKIXSU831C', '2019-11-24 05:51:30', '2019-11-24 05:51:30'),
(651, 38, 'Delivered', 'IMUHFJG7', '2019-11-24 05:51:30', '2019-11-24 05:51:30'),
(652, 51, 'Packaging', 'JHFDMNLI00F', '2019-11-24 05:51:30', '2019-11-24 05:51:30'),
(653, 8, 'Packaging', 'SBEZPHCK', '2019-11-24 05:51:30', '2019-11-24 05:51:30'),
(654, 41, 'Cancel', 'LOJCIL1CM81', '2019-11-24 05:51:30', '2019-11-24 05:51:30'),
(655, 24, 'Cancel', 'LKNZWKHO7Q1', '2019-11-24 05:51:30', '2019-11-24 05:51:30'),
(656, 6, 'Cancel', 'LTGQNFV7TMJ', '2019-11-24 05:51:30', '2019-11-24 05:51:30'),
(657, 14, 'Hold', 'BBNRBU1V', '2019-11-24 05:51:30', '2019-11-24 05:51:30'),
(658, 38, 'Hold', 'FNAZYGHS', '2019-11-24 05:51:30', '2019-11-24 05:51:30'),
(659, 4, 'Cancel', 'TVGKSLM4', '2019-11-24 05:51:30', '2019-11-24 05:51:30'),
(660, 48, 'Packaging', 'ECASTHQO', '2019-11-24 05:51:30', '2019-11-24 05:51:30'),
(661, 8, 'Delivered', 'PEEIQE205YD', '2019-11-24 05:51:30', '2019-11-24 05:51:30'),
(662, 39, 'Hold', 'SFURJXPJ', '2019-11-24 05:51:30', '2019-11-24 05:51:30'),
(663, 40, 'Delivered', 'BHJZTNDB', '2019-11-24 05:51:30', '2019-11-24 05:51:30'),
(664, 3, 'Cancel', 'SBLNSDUQXMJ', '2019-11-24 05:51:30', '2019-11-24 05:51:30'),
(665, 12, 'Cancel', 'ALJVANDO290', '2019-11-24 05:51:30', '2019-11-24 05:51:30'),
(666, 33, 'Cancel', 'WMZIIOW9', '2019-11-24 05:51:30', '2019-11-24 05:51:30'),
(667, 50, 'Delivered', 'MUJUHCOZKSE', '2019-11-24 05:51:30', '2019-11-24 05:51:30'),
(668, 35, 'Packaging', 'PRLKPICA', '2019-11-24 05:51:30', '2019-11-24 05:51:30'),
(669, 5, 'Delivered', 'LVXDVC1AI0L', '2019-11-24 05:51:30', '2019-11-24 05:51:30'),
(670, 23, 'Cancel', 'JMCCPXHA', '2019-11-24 05:51:30', '2019-11-24 05:51:30'),
(671, 42, 'Cancel', 'NLIRZDPQ7SL', '2019-11-24 05:51:30', '2019-11-24 05:51:30'),
(672, 40, 'Cancel', 'GNRRSP5UDZR', '2019-11-24 05:51:30', '2019-11-24 05:51:30'),
(673, 51, 'Packaging', 'PMPMIAOD', '2019-11-24 05:51:30', '2019-11-24 05:51:30'),
(674, 17, 'Hold', 'XZTIJAIEW37', '2019-11-24 05:51:30', '2019-11-24 05:51:30'),
(675, 37, 'Delivered', 'EXYHXF8H', '2019-11-24 05:51:30', '2019-11-24 05:51:30'),
(676, 41, 'Delivered', 'XQRSLD4A', '2019-11-24 05:51:30', '2019-11-24 05:51:30'),
(677, 53, 'Cancel', 'PPJUHE6K', '2019-11-24 05:51:30', '2019-11-24 05:51:30'),
(678, 5, 'Hold', 'ZLXNHIHB', '2019-11-24 05:51:30', '2019-11-24 05:51:30'),
(679, 40, 'Cancel', 'RFNIGEPAVGN', '2019-11-24 05:51:30', '2019-11-24 05:51:30'),
(680, 31, 'Hold', 'ZQVTRBVK', '2019-11-24 05:51:30', '2019-11-24 05:51:30'),
(681, 60, 'Packaging', 'ARKXAOID', '2019-11-24 05:51:30', '2019-11-24 05:51:30'),
(682, 21, 'Cancel', 'CJBYZRU3', '2019-11-24 05:51:30', '2019-11-24 05:51:30'),
(683, 14, 'Hold', 'EHUDIRL8PY4', '2019-11-24 05:51:30', '2019-11-24 05:51:30'),
(684, 13, 'Hold', 'JMUOWG746H2', '2019-11-24 05:51:30', '2019-11-24 05:51:30'),
(685, 39, 'Cancel', 'SPNHLDMO', '2019-11-24 05:51:30', '2019-11-24 05:51:30'),
(686, 39, 'Delivered', 'LVRFFVAK', '2019-11-24 05:51:30', '2019-11-24 05:51:30'),
(687, 22, 'Cancel', 'MQDCQRDT', '2019-11-24 05:51:30', '2019-11-24 05:51:30'),
(688, 1, 'Cancel', 'TDMHEG5L', '2019-11-24 05:51:30', '2019-11-24 05:51:30'),
(689, 42, 'Hold', 'SSCPTNYO', '2019-11-24 05:51:30', '2019-11-24 05:51:30'),
(690, 38, 'Packaging', 'RLTMXSPH', '2019-11-24 05:51:30', '2019-11-24 05:51:30'),
(691, 10, 'Cancel', 'QPVGKPM5', '2019-11-24 05:51:30', '2019-11-24 05:51:30'),
(692, 33, 'Cancel', 'RKXEDLMAUQD', '2019-11-24 05:51:30', '2019-11-24 05:51:30'),
(693, 18, 'Cancel', 'HEQIXOEM', '2019-11-24 05:51:30', '2019-11-24 05:51:30'),
(694, 19, 'Packaging', 'YOIMZNO6', '2019-11-24 05:51:30', '2019-11-24 05:51:30'),
(695, 37, 'Packaging', 'BWSECKC9U9Z', '2019-11-24 05:51:30', '2019-11-24 05:51:30'),
(696, 7, 'Delivered', 'UXTCOPNH2PK', '2019-11-24 05:51:30', '2019-11-24 05:51:30'),
(697, 51, 'Packaging', 'CACIMYEI', '2019-11-24 05:51:30', '2019-11-24 05:51:30'),
(698, 19, 'Hold', 'MRCLUJQIV3E', '2019-11-24 05:51:30', '2019-11-24 05:51:30'),
(699, 41, 'Delivered', 'IVWLPFIE', '2019-11-24 05:51:30', '2019-11-24 05:51:30'),
(700, 10, 'Hold', 'FMHZBKVN', '2019-11-24 05:51:30', '2019-11-24 05:51:30'),
(701, 22, 'Delivered', 'TQWVURWU', '2019-11-24 05:51:30', '2019-11-24 05:51:30'),
(702, 3, 'Hold', 'BGZHPU9M8U7', '2019-11-24 05:51:30', '2019-11-24 05:51:30'),
(703, 39, 'Delivered', 'XEUFFY27HHW', '2019-11-24 05:51:30', '2019-11-24 05:51:30'),
(704, 53, 'Delivered', 'NEIGBDVS', '2019-11-24 05:51:30', '2019-11-24 05:51:30'),
(705, 43, 'Packaging', 'PDQVBSPY', '2019-11-24 05:51:30', '2019-11-24 05:51:30'),
(706, 11, 'Hold', 'COOKIPB4YA5', '2019-11-24 05:51:30', '2019-11-24 05:51:30'),
(707, 27, 'Cancel', 'INVKUX3KXOL', '2019-11-24 05:51:30', '2019-11-24 05:51:30'),
(708, 10, 'Hold', 'HNSOWHVQ', '2019-11-24 05:51:30', '2019-11-24 05:51:30'),
(709, 30, 'Packaging', 'PZPBYUSX', '2019-11-24 05:51:30', '2019-11-24 05:51:30'),
(710, 33, 'Packaging', 'MCGJHI42', '2019-11-24 05:51:30', '2019-11-24 05:51:30'),
(711, 20, 'Packaging', 'ZYYXDP6L97P', '2019-11-24 05:51:30', '2019-11-24 05:51:30'),
(712, 29, 'Hold', 'YPXHQRTT4Z1', '2019-11-24 05:51:30', '2019-11-24 05:51:30'),
(713, 58, 'Cancel', 'LYJJMSVRW5B', '2019-11-24 05:51:30', '2019-11-24 05:51:30'),
(714, 36, 'Hold', 'YZTKET5ZGPP', '2019-11-24 05:51:30', '2019-11-24 05:51:30'),
(715, 44, 'Hold', 'GNYGSJ1P50W', '2019-11-24 05:51:30', '2019-11-24 05:51:30'),
(716, 19, 'Delivered', 'AFHAFSADIN5', '2019-11-24 05:51:30', '2019-11-24 05:51:30'),
(717, 25, 'Cancel', 'KSUMWUR1XEC', '2019-11-24 05:51:30', '2019-11-24 05:51:30'),
(718, 36, 'Hold', 'LWAOOGY5ATM', '2019-11-24 05:51:30', '2019-11-24 05:51:30'),
(719, 30, 'Delivered', 'AZBRUF642ZK', '2019-11-24 05:51:30', '2019-11-24 05:51:30'),
(720, 29, 'Delivered', 'SJBUGEZPLCG', '2019-11-24 05:51:30', '2019-11-24 05:51:30'),
(721, 46, 'Delivered', 'YRUISTJXSI5', '2019-11-24 05:51:30', '2019-11-24 05:51:30'),
(722, 9, 'Cancel', 'LBGXTJNU', '2019-11-24 05:51:30', '2019-11-24 05:51:30'),
(723, 21, 'Hold', 'BYXRLSVOLHW', '2019-11-24 05:51:30', '2019-11-24 05:51:30'),
(724, 20, 'Cancel', 'HJKUNHS9GLN', '2019-11-24 05:51:30', '2019-11-24 05:51:30'),
(725, 52, 'Delivered', 'JOMMGG9Z2DI', '2019-11-24 05:51:30', '2019-11-24 05:51:30'),
(726, 27, 'Packaging', 'UKGZQSW6N5Z', '2019-11-24 05:51:30', '2019-11-24 05:51:30'),
(727, 12, 'Delivered', 'JILZWNI4', '2019-11-24 05:51:30', '2019-11-24 05:51:30'),
(728, 42, 'Delivered', 'PBDOXWA7', '2019-11-24 05:51:30', '2019-11-24 05:51:30'),
(729, 30, 'Cancel', 'NTLVPSEB', '2019-11-24 05:51:30', '2019-11-24 05:51:30'),
(730, 23, 'Packaging', 'DORGZIPE', '2019-11-24 05:51:30', '2019-11-24 05:51:30'),
(731, 14, 'Cancel', 'XSEUYYH6FHP', '2019-11-24 05:51:30', '2019-11-24 05:51:30'),
(732, 7, 'Hold', 'ZVZNES55', '2019-11-24 05:51:30', '2019-11-24 05:51:30'),
(733, 30, 'Delivered', 'OIMFZKA2PKL', '2019-11-24 05:51:30', '2019-11-24 05:51:30'),
(734, 15, 'Packaging', 'QCGITAQNRY3', '2019-11-24 05:51:30', '2019-11-24 05:51:30'),
(735, 26, 'Packaging', 'MPALRK92', '2019-11-24 05:51:31', '2019-11-24 05:51:31'),
(736, 30, 'Delivered', 'IWXGHAG7', '2019-11-24 05:51:31', '2019-11-24 05:51:31'),
(737, 52, 'Packaging', 'MZARWSM7', '2019-11-24 05:51:31', '2019-11-24 05:51:31'),
(738, 44, 'Delivered', 'BPNNAKA9', '2019-11-24 05:51:31', '2019-11-24 05:51:31'),
(739, 46, 'Packaging', 'CFBYIOY2', '2019-11-24 05:51:31', '2019-11-24 05:51:31'),
(740, 52, 'Cancel', 'IXLNNC7TWAS', '2019-11-24 05:51:31', '2019-11-24 05:51:31'),
(741, 49, 'Delivered', 'CPVEDCY1', '2019-11-24 05:51:31', '2019-11-24 05:51:31'),
(742, 28, 'Hold', 'ZMVPADUC9HW', '2019-11-24 05:51:31', '2019-11-24 05:51:31'),
(743, 36, 'Packaging', 'YFWOKPOYKR8', '2019-11-24 05:51:31', '2019-11-24 05:51:31'),
(744, 45, 'Cancel', 'RPXUGSFI', '2019-11-24 05:51:31', '2019-11-24 05:51:31'),
(745, 36, 'Delivered', 'ZQEOYUUKYBB', '2019-11-24 05:51:31', '2019-11-24 05:51:31'),
(746, 54, 'Packaging', 'XNLPLRV1', '2019-11-24 05:51:31', '2019-11-24 05:51:31'),
(747, 47, 'Cancel', 'NBGRQI90', '2019-11-24 05:51:31', '2019-11-24 05:51:31'),
(748, 14, 'Cancel', 'KXBLWGOF', '2019-11-24 05:51:31', '2019-11-24 05:51:31'),
(749, 10, 'Cancel', 'LVCEIUG3R0T', '2019-11-24 05:51:31', '2019-11-24 05:51:31'),
(750, 6, 'Delivered', 'HXSEWRCE', '2019-11-24 05:51:31', '2019-11-24 05:51:31'),
(751, 19, 'Hold', 'EESSRPNFJFS', '2019-11-24 05:51:31', '2019-11-24 05:51:31'),
(752, 26, 'Hold', 'HYVPNLFXMA4', '2019-11-24 05:51:31', '2019-11-24 05:51:31'),
(753, 15, 'Packaging', 'UWYOKVWU', '2019-11-24 05:51:31', '2019-11-24 05:51:31'),
(754, 6, 'Delivered', 'LKIJGU3KFHG', '2019-11-24 05:51:31', '2019-11-24 05:51:31'),
(755, 5, 'Hold', 'IQYHILF0FC4', '2019-11-24 05:51:31', '2019-11-24 05:51:31'),
(756, 31, 'Delivered', 'OIPMZR6AM0J', '2019-11-24 05:51:31', '2019-11-24 05:51:31'),
(757, 19, 'Delivered', 'MDYMDLSK', '2019-11-24 05:51:31', '2019-11-24 05:51:31'),
(758, 41, 'Hold', 'ISHPBF3Y3XX', '2019-11-24 05:51:31', '2019-11-24 05:51:31'),
(759, 38, 'Cancel', 'PDXHNLP35PK', '2019-11-24 05:51:31', '2019-11-24 05:51:31'),
(760, 13, 'Cancel', 'SLOZDRFJ', '2019-11-24 05:51:31', '2019-11-24 05:51:31'),
(761, 20, 'Hold', 'ULRRRI7S', '2019-11-24 05:51:31', '2019-11-24 05:51:31'),
(762, 24, 'Delivered', 'HXQNAME1', '2019-11-24 05:51:31', '2019-11-24 05:51:31'),
(763, 33, 'Packaging', 'UDFDOU7GXMP', '2019-11-24 05:51:31', '2019-11-24 05:51:31'),
(764, 37, 'Cancel', 'UQMZUNL1', '2019-11-24 05:51:31', '2019-11-24 05:51:31'),
(765, 2, 'Packaging', 'JZFQKCGA', '2019-11-24 05:51:31', '2019-11-24 05:51:31'),
(766, 22, 'Delivered', 'EHOTVXN4J1M', '2019-11-24 05:51:31', '2019-11-24 05:51:31'),
(767, 56, 'Cancel', 'SZPYTBGQ', '2019-11-24 05:51:31', '2019-11-24 05:51:31'),
(768, 50, 'Packaging', 'RAAUZXSKJ0H', '2019-11-24 05:51:31', '2019-11-24 05:51:31'),
(769, 46, 'Cancel', 'KZNNAQ7A', '2019-11-24 05:51:31', '2019-11-24 05:51:31'),
(770, 20, 'Delivered', 'WAPOKOHV', '2019-11-24 05:51:31', '2019-11-24 05:51:31'),
(771, 5, 'Packaging', 'WSXBUAXB', '2019-11-24 05:51:31', '2019-11-24 05:51:31'),
(772, 14, 'Hold', 'JHOWLHRB', '2019-11-24 05:51:31', '2019-11-24 05:51:31'),
(773, 4, 'Cancel', 'IODWZOGOPB8', '2019-11-24 05:51:31', '2019-11-24 05:51:31'),
(774, 40, 'Hold', 'XROOAWPG', '2019-11-24 05:51:31', '2019-11-24 05:51:31'),
(775, 35, 'Cancel', 'HCPGFT6Y816', '2019-11-24 05:51:31', '2019-11-24 05:51:31'),
(776, 56, 'Hold', 'WAFMWO9S', '2019-11-24 05:51:31', '2019-11-24 05:51:31'),
(777, 49, 'Cancel', 'BBFXBPM8TLJ', '2019-11-24 05:51:31', '2019-11-24 05:51:31'),
(778, 13, 'Cancel', 'OIVFRK1R7O7', '2019-11-24 05:51:31', '2019-11-24 05:51:31'),
(779, 37, 'Delivered', 'ITNSBE49', '2019-11-24 05:51:31', '2019-11-24 05:51:31'),
(780, 30, 'Packaging', 'FGQFXI24', '2019-11-24 05:51:31', '2019-11-24 05:51:31'),
(781, 22, 'Delivered', 'JBYYXG5YR0F', '2019-11-24 05:51:31', '2019-11-24 05:51:31'),
(782, 27, 'Hold', 'JBJTJH13QVN', '2019-11-24 05:51:31', '2019-11-24 05:51:31'),
(783, 54, 'Hold', 'HZGGTI6DP1G', '2019-11-24 05:51:31', '2019-11-24 05:51:31'),
(784, 4, 'Hold', 'HUBSMQ6ZFS5', '2019-11-24 05:51:31', '2019-11-24 05:51:31'),
(785, 31, 'Hold', 'VSXRIGB9AQS', '2019-11-24 05:51:31', '2019-11-24 05:51:31'),
(786, 58, 'Packaging', 'QBRITEDR', '2019-11-24 05:51:31', '2019-11-24 05:51:31'),
(787, 33, 'Packaging', 'OBPRLOC2', '2019-11-24 05:51:31', '2019-11-24 05:51:31'),
(788, 23, 'Cancel', 'GEXNGPF5KHJ', '2019-11-24 05:51:31', '2019-11-24 05:51:31'),
(789, 35, 'Packaging', 'RQNUSQDE', '2019-11-24 05:51:31', '2019-11-24 05:51:31'),
(790, 47, 'Delivered', 'AUIAUG4UCW4', '2019-11-24 05:51:31', '2019-11-24 05:51:31'),
(791, 51, 'Hold', 'MMUZUTVONQB', '2019-11-24 05:51:31', '2019-11-24 05:51:31'),
(792, 17, 'Delivered', 'YMXNKUHI', '2019-11-24 05:51:31', '2019-11-24 05:51:31'),
(793, 4, 'Hold', 'BSJIBTK2RX5', '2019-11-24 05:51:31', '2019-11-24 05:51:31'),
(794, 10, 'Delivered', 'VCESQSMI', '2019-11-24 05:51:31', '2019-11-24 05:51:31'),
(795, 40, 'Hold', 'JWGDIIB5RTD', '2019-11-24 05:51:31', '2019-11-24 05:51:31'),
(796, 7, 'Delivered', 'ECQFFJJI', '2019-11-24 05:51:31', '2019-11-24 05:51:31'),
(797, 57, 'Hold', 'CLZCMA7W', '2019-11-24 05:51:31', '2019-11-24 05:51:31'),
(798, 57, 'Cancel', 'UHCPEBDL', '2019-11-24 05:51:31', '2019-11-24 05:51:31'),
(799, 42, 'Hold', 'WURURKW7', '2019-11-24 05:51:31', '2019-11-24 05:51:31'),
(800, 7, 'Hold', 'BDUKMQRTVAC', '2019-11-24 05:51:31', '2019-11-24 05:51:31'),
(801, 24, 'Packaging', 'UQEJRIKMGE9', '2019-11-24 05:51:31', '2019-11-24 05:51:31'),
(802, 10, 'Packaging', 'EQVYYWU43JV', '2019-11-24 05:51:31', '2019-11-24 05:51:31'),
(803, 19, 'Hold', 'HXTQTTV8', '2019-11-24 05:51:31', '2019-11-24 05:51:31'),
(804, 7, 'Delivered', 'HWAUPOR2', '2019-11-24 05:51:31', '2019-11-24 05:51:31'),
(805, 47, 'Packaging', 'AFJMTYKY', '2019-11-24 05:51:31', '2019-11-24 05:51:31'),
(806, 28, 'Delivered', 'DVWDXM4C', '2019-11-24 05:51:31', '2019-11-24 05:51:31'),
(807, 48, 'Packaging', 'EVWEODOB', '2019-11-24 05:51:31', '2019-11-24 05:51:31'),
(808, 39, 'Delivered', 'SPTHQWL8QJY', '2019-11-24 05:51:31', '2019-11-24 05:51:31'),
(809, 56, 'Hold', 'ZYYDUH9D', '2019-11-24 05:51:31', '2019-11-24 05:51:31'),
(810, 8, 'Packaging', 'NWWRHKIHSET', '2019-11-24 05:51:31', '2019-11-24 05:51:31'),
(811, 48, 'Delivered', 'NYFFEMG24I1', '2019-11-24 05:51:31', '2019-11-24 05:51:31'),
(812, 12, 'Packaging', 'CAOIEUCO', '2019-11-24 05:51:31', '2019-11-24 05:51:31'),
(813, 9, 'Cancel', 'HMZRAEA0', '2019-11-24 05:51:31', '2019-11-24 05:51:31'),
(814, 42, 'Packaging', 'OHEAES0U', '2019-11-24 05:51:31', '2019-11-24 05:51:31'),
(815, 55, 'Packaging', 'NMUTEY2DPVB', '2019-11-24 05:51:31', '2019-11-24 05:51:31'),
(816, 20, 'Delivered', 'YGSLMNXJ', '2019-11-24 05:51:31', '2019-11-24 05:51:31'),
(817, 26, 'Hold', 'CMVTMQ1TQ3F', '2019-11-24 05:51:31', '2019-11-24 05:51:31'),
(818, 8, 'Delivered', 'ZCWKXX1L', '2019-11-24 05:51:31', '2019-11-24 05:51:31'),
(819, 2, 'Delivered', 'VGJLESXF', '2019-11-24 05:51:31', '2019-11-24 05:51:31'),
(820, 46, 'Cancel', 'IGIKUVZYGPQ', '2019-11-24 05:51:31', '2019-11-24 05:51:31'),
(821, 42, 'Cancel', 'ABYSGYTT', '2019-11-24 05:51:31', '2019-11-24 05:51:31'),
(822, 22, 'Packaging', 'TFKYIAFPHMJ', '2019-11-24 05:51:31', '2019-11-24 05:51:31'),
(823, 28, 'Delivered', 'HSVIVXOUAWY', '2019-11-24 05:51:31', '2019-11-24 05:51:31'),
(824, 38, 'Cancel', 'GOETOWPH', '2019-11-24 05:51:31', '2019-11-24 05:51:31'),
(825, 9, 'Delivered', 'OYCGULRX', '2019-11-24 05:51:31', '2019-11-24 05:51:31'),
(826, 43, 'Cancel', 'BIKXXW6TUYX', '2019-11-24 05:51:31', '2019-11-24 05:51:31'),
(827, 45, 'Hold', 'MDFYVSVBJCY', '2019-11-24 05:51:31', '2019-11-24 05:51:31'),
(828, 40, 'Delivered', 'IAOXYLVE', '2019-11-24 05:51:31', '2019-11-24 05:51:31'),
(829, 40, 'Cancel', 'CFGCELW1', '2019-11-24 05:51:31', '2019-11-24 05:51:31'),
(830, 9, 'Packaging', 'MTDXTJT4', '2019-11-24 05:51:31', '2019-11-24 05:51:31'),
(831, 59, 'Delivered', 'SFAVRXJSPN9', '2019-11-24 05:51:31', '2019-11-24 05:51:31'),
(832, 40, 'Delivered', 'PVGRDS9E', '2019-11-24 05:51:31', '2019-11-24 05:51:31'),
(833, 43, 'Packaging', 'YZSUESBI', '2019-11-24 05:51:31', '2019-11-24 05:51:31'),
(834, 19, 'Delivered', 'GJIXIGAGZ7C', '2019-11-24 05:51:31', '2019-11-24 05:51:31'),
(835, 60, 'Hold', 'CUKVVVVI', '2019-11-24 05:51:31', '2019-11-24 05:51:31'),
(836, 24, 'Packaging', 'COXADZGRGY4', '2019-11-24 05:51:31', '2019-11-24 05:51:31'),
(837, 40, 'Delivered', 'QRAAFNZQ4UC', '2019-11-24 05:51:31', '2019-11-24 05:51:31'),
(838, 1, 'Delivered', 'FTJVTW76', '2019-11-24 05:51:31', '2019-11-24 05:51:31'),
(839, 43, 'Hold', 'JOLNVB451SL', '2019-11-24 05:51:31', '2019-11-24 05:51:31'),
(840, 12, 'Delivered', 'ERCNVANI63Y', '2019-11-24 05:51:31', '2019-11-24 05:51:31'),
(841, 41, 'Packaging', 'WUQMVUXEBOO', '2019-11-24 05:51:31', '2019-11-24 05:51:31'),
(842, 12, 'Packaging', 'SJINDSQY', '2019-11-24 05:51:31', '2019-11-24 05:51:31'),
(843, 18, 'Packaging', 'FXLGMIDK', '2019-11-24 05:51:31', '2019-11-24 05:51:31'),
(844, 9, 'Packaging', 'HOZBFX3YNCB', '2019-11-24 05:51:31', '2019-11-24 05:51:31'),
(845, 31, 'Packaging', 'QMTVCRQ2', '2019-11-24 05:51:31', '2019-11-24 05:51:31'),
(846, 10, 'Hold', 'GAQRCVF978B', '2019-11-24 05:51:31', '2019-11-24 05:51:31'),
(847, 60, 'Cancel', 'XZJITOCIGD9', '2019-11-24 05:51:31', '2019-11-24 05:51:31'),
(848, 51, 'Cancel', 'ZEYCWAN490F', '2019-11-24 05:51:31', '2019-11-24 05:51:31'),
(849, 44, 'Hold', 'JMTZIHO6', '2019-11-24 05:51:31', '2019-11-24 05:51:31'),
(850, 44, 'Delivered', 'FYYFWP89', '2019-11-24 05:51:31', '2019-11-24 05:51:31'),
(851, 47, 'Delivered', 'WVSXPAI7', '2019-11-24 05:51:31', '2019-11-24 05:51:31'),
(852, 58, 'Packaging', 'XNXSJFN2UW9', '2019-11-24 05:51:31', '2019-11-24 05:51:31'),
(853, 11, 'Hold', 'CDNEKM4HP4C', '2019-11-24 05:51:31', '2019-11-24 05:51:31'),
(854, 23, 'Hold', 'FSCBWZDPERR', '2019-11-24 05:51:31', '2019-11-24 05:51:31'),
(855, 13, 'Packaging', 'LHEHEZHQWUZ', '2019-11-24 05:51:31', '2019-11-24 05:51:31'),
(856, 18, 'Cancel', 'JSUFGSJU', '2019-11-24 05:51:31', '2019-11-24 05:51:31'),
(857, 35, 'Hold', 'HFVQWIMUJ4I', '2019-11-24 05:51:31', '2019-11-24 05:51:31'),
(858, 31, 'Cancel', 'XGCCYH0H', '2019-11-24 05:51:31', '2019-11-24 05:51:31'),
(859, 41, 'Packaging', 'FTYAZSQNTC8', '2019-11-24 05:51:31', '2019-11-24 05:51:31'),
(860, 51, 'Packaging', 'CTRQCI8P', '2019-11-24 05:51:31', '2019-11-24 05:51:31'),
(861, 23, 'Hold', 'FSTSWN6YA44', '2019-11-24 05:51:31', '2019-11-24 05:51:31'),
(862, 43, 'Hold', 'JBNYIN3K', '2019-11-24 05:51:31', '2019-11-24 05:51:31'),
(863, 52, 'Packaging', 'BPHWNGXU', '2019-11-24 05:51:31', '2019-11-24 05:51:31'),
(864, 43, 'Delivered', 'PKNLAX0U', '2019-11-24 05:51:31', '2019-11-24 05:51:31'),
(865, 51, 'Delivered', 'IKKSZQ3PD5U', '2019-11-24 05:51:31', '2019-11-24 05:51:31'),
(866, 5, 'Cancel', 'AUOOJKCW', '2019-11-24 05:51:31', '2019-11-24 05:51:31'),
(867, 56, 'Cancel', 'HMXRKGGJ3W1', '2019-11-24 05:51:31', '2019-11-24 05:51:31'),
(868, 38, 'Delivered', 'XZFRKAZQ', '2019-11-24 05:51:31', '2019-11-24 05:51:31'),
(869, 52, 'Packaging', 'YZSUBO4T', '2019-11-24 05:51:31', '2019-11-24 05:51:31'),
(870, 20, 'Hold', 'WDMUMHEF', '2019-11-24 05:51:31', '2019-11-24 05:51:31'),
(871, 17, 'Delivered', 'DMEYEML8', '2019-11-24 05:51:31', '2019-11-24 05:51:31'),
(872, 7, 'Cancel', 'WOENNA1N', '2019-11-24 05:51:31', '2019-11-24 05:51:31'),
(873, 29, 'Cancel', 'UUACWHL9SOF', '2019-11-24 05:51:31', '2019-11-24 05:51:31'),
(874, 45, 'Delivered', 'AJKIEGXF', '2019-11-24 05:51:31', '2019-11-24 05:51:31'),
(875, 24, 'Hold', 'HZESVMR56KB', '2019-11-24 05:51:31', '2019-11-24 05:51:31'),
(876, 24, 'Packaging', 'CJUISUO0', '2019-11-24 05:51:31', '2019-11-24 05:51:31'),
(877, 6, 'Packaging', 'JZBNDYFF', '2019-11-24 05:51:31', '2019-11-24 05:51:31'),
(878, 1, 'Cancel', 'EEPZVZQ83BE', '2019-11-24 05:51:31', '2019-11-24 05:51:31'),
(879, 23, 'Packaging', 'TJKKGLQRNZI', '2019-11-24 05:51:31', '2019-11-24 05:51:31'),
(880, 13, 'Delivered', 'CDHSWGIR', '2019-11-24 05:51:31', '2019-11-24 05:51:31'),
(881, 14, 'Cancel', 'TBEWHS8K4ZD', '2019-11-24 05:51:31', '2019-11-24 05:51:31'),
(882, 4, 'Packaging', 'TIEKSYR67ZS', '2019-11-24 05:51:31', '2019-11-24 05:51:31'),
(883, 17, 'Hold', 'UBYSCHT5F9U', '2019-11-24 05:51:31', '2019-11-24 05:51:31'),
(884, 41, 'Cancel', 'BLJYQT9W', '2019-11-24 05:51:31', '2019-11-24 05:51:31'),
(885, 54, 'Cancel', 'CNPFHOT6RD5', '2019-11-24 05:51:31', '2019-11-24 05:51:31'),
(886, 27, 'Hold', 'DXBCQJCG', '2019-11-24 05:51:31', '2019-11-24 05:51:31'),
(887, 43, 'Delivered', 'NOSNJSXCGEP', '2019-11-24 05:51:31', '2019-11-24 05:51:31'),
(888, 36, 'Packaging', 'GFWJGVD1', '2019-11-24 05:51:31', '2019-11-24 05:51:31'),
(889, 59, 'Cancel', 'OBNESJQK', '2019-11-24 05:51:31', '2019-11-24 05:51:31'),
(890, 6, 'Cancel', 'MKRJYV9GPQ5', '2019-11-24 05:51:31', '2019-11-24 05:51:31'),
(891, 32, 'Delivered', 'OHDRCBUFTGW', '2019-11-24 05:51:31', '2019-11-24 05:51:31'),
(892, 49, 'Packaging', 'IENMKHA9J9L', '2019-11-24 05:51:31', '2019-11-24 05:51:31'),
(893, 2, 'Delivered', 'EPWDETX8R4G', '2019-11-24 05:51:31', '2019-11-24 05:51:31'),
(894, 56, 'Delivered', 'DFDLAAZ6JZT', '2019-11-24 05:51:31', '2019-11-24 05:51:31'),
(895, 10, 'Cancel', 'FUDINUFCA5J', '2019-11-24 05:51:31', '2019-11-24 05:51:31'),
(896, 49, 'Hold', 'JQQADWUWUH6', '2019-11-24 05:51:31', '2019-11-24 05:51:31'),
(897, 53, 'Cancel', 'ECAPYOOU', '2019-11-24 05:51:31', '2019-11-24 05:51:31'),
(898, 44, 'Hold', 'IRCMJHZFF02', '2019-11-24 05:51:31', '2019-11-24 05:51:31'),
(899, 31, 'Hold', 'FZYHNUQK', '2019-11-24 05:51:31', '2019-11-24 05:51:31'),
(900, 15, 'Packaging', 'NPQLKZAZ59W', '2019-11-24 05:51:31', '2019-11-24 05:51:31'),
(901, 30, 'Cancel', 'YZWDQFBX12X', '2019-11-24 05:51:31', '2019-11-24 05:51:31'),
(902, 21, 'Packaging', 'WZTLJBGZ', '2019-11-24 05:51:31', '2019-11-24 05:51:31'),
(903, 47, 'Packaging', 'DIQEQBEL', '2019-11-24 05:51:31', '2019-11-24 05:51:31'),
(904, 44, 'Delivered', 'GRVCUU9RL44', '2019-11-24 05:51:31', '2019-11-24 05:51:31'),
(905, 42, 'Hold', 'JNTZHZ8PB5L', '2019-11-24 05:51:31', '2019-11-24 05:51:31'),
(906, 36, 'Hold', 'VAPKDSD3', '2019-11-24 05:51:31', '2019-11-24 05:51:31'),
(907, 51, 'Delivered', 'SQAMGT7L6BD', '2019-11-24 05:51:31', '2019-11-24 05:51:31'),
(908, 13, 'Delivered', 'XSBSLGZTWI1', '2019-11-24 05:51:31', '2019-11-24 05:51:31'),
(909, 32, 'Packaging', 'LFZCMO52', '2019-11-24 05:51:31', '2019-11-24 05:51:31'),
(910, 12, 'Packaging', 'TCYKRJ89T2X', '2019-11-24 05:51:31', '2019-11-24 05:51:31'),
(911, 35, 'Delivered', 'RFGKPK61BO4', '2019-11-24 05:51:31', '2019-11-24 05:51:31'),
(912, 32, 'Cancel', 'RXXHHT83MJM', '2019-11-24 05:51:31', '2019-11-24 05:51:31'),
(913, 4, 'Packaging', 'HUJEDW6G', '2019-11-24 05:51:31', '2019-11-24 05:51:31'),
(914, 10, 'Delivered', 'BIPTSQ0P', '2019-11-24 05:51:31', '2019-11-24 05:51:31'),
(915, 48, 'Delivered', 'OAKRQJ6ZUSF', '2019-11-24 05:51:31', '2019-11-24 05:51:31'),
(916, 49, 'Cancel', 'MFDXVKV0', '2019-11-24 05:51:31', '2019-11-24 05:51:31'),
(917, 19, 'Cancel', 'VHDCAFLSA8N', '2019-11-24 05:51:31', '2019-11-24 05:51:31'),
(918, 1, 'Hold', 'GHTIVFWD8LI', '2019-11-24 05:51:31', '2019-11-24 05:51:31'),
(919, 46, 'Delivered', 'PLJUJF0P11M', '2019-11-24 05:51:31', '2019-11-24 05:51:31'),
(920, 57, 'Cancel', 'VQYGUSB7HTI', '2019-11-24 05:51:31', '2019-11-24 05:51:31'),
(921, 15, 'Cancel', 'DOBAPHL8', '2019-11-24 05:51:31', '2019-11-24 05:51:31'),
(922, 18, 'Hold', 'WRGZHCODOI5', '2019-11-24 05:51:31', '2019-11-24 05:51:31'),
(923, 37, 'Hold', 'CUFMWSBMR2O', '2019-11-24 05:51:31', '2019-11-24 05:51:31'),
(924, 16, 'Hold', 'WWLOOMNA', '2019-11-24 05:51:31', '2019-11-24 05:51:31'),
(925, 18, 'Hold', 'HHRZXJS2', '2019-11-24 05:51:31', '2019-11-24 05:51:31'),
(926, 7, 'Delivered', 'WOWKMMI7', '2019-11-24 05:51:31', '2019-11-24 05:51:31'),
(927, 22, 'Cancel', 'IPWJWOQ9', '2019-11-24 05:51:31', '2019-11-24 05:51:31'),
(928, 20, 'Hold', 'UBIPNQBRDVF', '2019-11-24 05:51:31', '2019-11-24 05:51:31'),
(929, 40, 'Hold', 'TQEGYA67HO6', '2019-11-24 05:51:31', '2019-11-24 05:51:31'),
(930, 25, 'Packaging', 'XWFMUWQB', '2019-11-24 05:51:31', '2019-11-24 05:51:31'),
(931, 2, 'Delivered', 'QYDABZFO01I', '2019-11-24 05:51:31', '2019-11-24 05:51:31'),
(932, 8, 'Hold', 'CKOJZZ3CVZI', '2019-11-24 05:51:31', '2019-11-24 05:51:31'),
(933, 44, 'Packaging', 'HRSGNFZY', '2019-11-24 05:51:31', '2019-11-24 05:51:31'),
(934, 54, 'Delivered', 'RKNVZDUA', '2019-11-24 05:51:31', '2019-11-24 05:51:31'),
(935, 28, 'Cancel', 'IFTEJRN5UWA', '2019-11-24 05:51:31', '2019-11-24 05:51:31'),
(936, 34, 'Packaging', 'HIFNQTOK', '2019-11-24 05:51:31', '2019-11-24 05:51:31'),
(937, 14, 'Cancel', 'MSVSRB1V', '2019-11-24 05:51:31', '2019-11-24 05:51:31'),
(938, 14, 'Hold', 'VQUCEAYT', '2019-11-24 05:51:31', '2019-11-24 05:51:31'),
(939, 19, 'Hold', 'BPJOOA7TMUY', '2019-11-24 05:51:31', '2019-11-24 05:51:31'),
(940, 49, 'Hold', 'LUQHLM0FP4R', '2019-11-24 05:51:31', '2019-11-24 05:51:31'),
(941, 31, 'Packaging', 'ZMXUBNVJGDH', '2019-11-24 05:51:31', '2019-11-24 05:51:31'),
(942, 5, 'Delivered', 'PKCHMCMF', '2019-11-24 05:51:31', '2019-11-24 05:51:31'),
(943, 7, 'Hold', 'FVXTNJ3I', '2019-11-24 05:51:31', '2019-11-24 05:51:31'),
(944, 57, 'Packaging', 'MWUCJU5FEGT', '2019-11-24 05:51:31', '2019-11-24 05:51:31'),
(945, 57, 'Delivered', 'EKKEURTOI7U', '2019-11-24 05:51:31', '2019-11-24 05:51:31'),
(946, 59, 'Cancel', 'MFMVRWNI9NC', '2019-11-24 05:51:31', '2019-11-24 05:51:31'),
(947, 12, 'Cancel', 'WSPRSOY9041', '2019-11-24 05:51:31', '2019-11-24 05:51:31'),
(948, 1, 'Cancel', 'MESEEZEOXII', '2019-11-24 05:51:31', '2019-11-24 05:51:31'),
(949, 6, 'Delivered', 'RFJWIUCR', '2019-11-24 05:51:31', '2019-11-24 05:51:31'),
(950, 10, 'Delivered', 'DRTUMZYU', '2019-11-24 05:51:31', '2019-11-24 05:51:31'),
(951, 35, 'Hold', 'IHIURA6I', '2019-11-24 05:51:31', '2019-11-24 05:51:31'),
(952, 4, 'Packaging', 'IEGILFBULL0', '2019-11-24 05:51:31', '2019-11-24 05:51:31'),
(953, 9, 'Hold', 'DPIQMXF9', '2019-11-24 05:51:31', '2019-11-24 05:51:31'),
(954, 50, 'Packaging', 'YOCPKWPEKQT', '2019-11-24 05:51:31', '2019-11-24 05:51:31'),
(955, 29, 'Packaging', 'YCQELCMT', '2019-11-24 05:51:31', '2019-11-24 05:51:31'),
(956, 52, 'Hold', 'WOZOIKI4X1D', '2019-11-24 05:51:31', '2019-11-24 05:51:31'),
(957, 58, 'Cancel', 'FCSHTOJX0TO', '2019-11-24 05:51:31', '2019-11-24 05:51:31'),
(958, 34, 'Cancel', 'LPQCXW0XJ65', '2019-11-24 05:51:31', '2019-11-24 05:51:31'),
(959, 39, 'Cancel', 'WVKFLANM8EH', '2019-11-24 05:51:31', '2019-11-24 05:51:31'),
(960, 54, 'Hold', 'JCUISJMR', '2019-11-24 05:51:31', '2019-11-24 05:51:31'),
(961, 7, 'Cancel', 'ENCOTVAG', '2019-11-24 05:51:31', '2019-11-24 05:51:31'),
(962, 58, 'Delivered', 'DSMRKJ7EYO1', '2019-11-24 05:51:31', '2019-11-24 05:51:31'),
(963, 18, 'Packaging', 'WIUQXIVI', '2019-11-24 05:51:31', '2019-11-24 05:51:31'),
(964, 35, 'Delivered', 'PEZOJMKO', '2019-11-24 05:51:31', '2019-11-24 05:51:31'),
(965, 48, 'Hold', 'GLAMTWJYMAA', '2019-11-24 05:51:31', '2019-11-24 05:51:31'),
(966, 22, 'Hold', 'DMTNXGEF', '2019-11-24 05:51:31', '2019-11-24 05:51:31'),
(967, 3, 'Cancel', 'DLVUQSPL', '2019-11-24 05:51:31', '2019-11-24 05:51:31'),
(968, 60, 'Packaging', 'LKLBTI7N', '2019-11-24 05:51:31', '2019-11-24 05:51:31'),
(969, 6, 'Cancel', 'DXVUOLTU', '2019-11-24 05:51:31', '2019-11-24 05:51:31'),
(970, 42, 'Hold', 'RYBDPVCMR3Y', '2019-11-24 05:51:31', '2019-11-24 05:51:31'),
(971, 12, 'Packaging', 'BAGBLAWEOB0', '2019-11-24 05:51:31', '2019-11-24 05:51:31'),
(972, 44, 'Cancel', 'HWGJPXJ4BNJ', '2019-11-24 05:51:31', '2019-11-24 05:51:31'),
(973, 34, 'Delivered', 'RLFCGU38', '2019-11-24 05:51:31', '2019-11-24 05:51:31'),
(974, 3, 'Hold', 'KPMNTDS61EE', '2019-11-24 05:51:31', '2019-11-24 05:51:31'),
(975, 22, 'Cancel', 'FIQRFUX26FM', '2019-11-24 05:51:31', '2019-11-24 05:51:31'),
(976, 21, 'Packaging', 'QGMJQATNGYW', '2019-11-24 05:51:31', '2019-11-24 05:51:31'),
(977, 43, 'Cancel', 'ATNORSKU0SI', '2019-11-24 05:51:31', '2019-11-24 05:51:31'),
(978, 35, 'Hold', 'ZKHBVHD1', '2019-11-24 05:51:31', '2019-11-24 05:51:31'),
(979, 38, 'Delivered', 'YVFWJY7EO9E', '2019-11-24 05:51:31', '2019-11-24 05:51:31'),
(980, 22, 'Delivered', 'LHRZEO9U', '2019-11-24 05:51:31', '2019-11-24 05:51:31'),
(981, 50, 'Cancel', 'GQVZQLLI', '2019-11-24 05:51:31', '2019-11-24 05:51:31'),
(982, 41, 'Cancel', 'HRGOTW8P', '2019-11-24 05:51:31', '2019-11-24 05:51:31'),
(983, 35, 'Delivered', 'HEFMQZNJ', '2019-11-24 05:51:31', '2019-11-24 05:51:31'),
(984, 17, 'Cancel', 'RKFNKNGHDM8', '2019-11-24 05:51:31', '2019-11-24 05:51:31'),
(985, 24, 'Packaging', 'KALWTUT196N', '2019-11-24 05:51:31', '2019-11-24 05:51:31'),
(986, 2, 'Packaging', 'THUCXKHJ2F4', '2019-11-24 05:51:31', '2019-11-24 05:51:31'),
(987, 44, 'Packaging', 'EFPQOB12T6V', '2019-11-24 05:51:31', '2019-11-24 05:51:31'),
(988, 35, 'Hold', 'NCSRZJCEU7C', '2019-11-24 05:51:31', '2019-11-24 05:51:31'),
(989, 53, 'Hold', 'XJYUOT26', '2019-11-24 05:51:31', '2019-11-24 05:51:31'),
(990, 55, 'Delivered', 'DTMEJP57FV5', '2019-11-24 05:51:31', '2019-11-24 05:51:31'),
(991, 23, 'Packaging', 'AZRSVAHKCTE', '2019-11-24 05:51:31', '2019-11-24 05:51:31'),
(992, 1, 'Delivered', 'DJAGYZ4RQIW', '2019-11-24 05:51:31', '2019-11-24 05:51:31'),
(993, 18, 'Hold', 'CLTNLU2ALSS', '2019-11-24 05:51:31', '2019-11-24 05:51:31'),
(994, 57, 'Hold', 'UDGVVIE9A70', '2019-11-24 05:51:31', '2019-11-24 05:51:31'),
(995, 17, 'Hold', 'RAOJBW6J', '2019-11-24 05:51:31', '2019-11-24 05:51:31'),
(996, 21, 'Hold', 'HRWJQFMYLBH', '2019-11-24 05:51:31', '2019-11-24 05:51:31'),
(997, 6, 'Hold', 'IUWEZSJ0', '2019-11-24 05:51:31', '2019-11-24 05:51:31'),
(998, 35, 'Hold', 'IASEOJTN', '2019-11-24 05:51:31', '2019-11-24 05:51:31'),
(999, 51, 'Cancel', 'OPQZDS8RLE8', '2019-11-24 05:51:31', '2019-11-24 05:51:31'),
(1000, 6, 'Hold', 'XQFPGJH6', '2019-11-24 05:51:31', '2019-11-24 05:51:31'),
(1001, 27, 'Packaging', 'NEEZYQKK', '2019-11-24 05:51:31', '2019-11-24 05:51:31'),
(1002, 7, 'Hold', 'CWGPUBS4', '2019-11-24 05:51:31', '2019-11-24 05:51:31'),
(1003, 58, 'Hold', 'VYWOLEPFMIQ', '2019-11-24 05:51:31', '2019-11-24 05:51:31'),
(1004, 43, 'Hold', 'SUBUGQMW', '2019-11-24 05:51:31', '2019-11-24 05:51:31'),
(1005, 50, 'Hold', 'BIRHOC74', '2019-11-24 05:51:31', '2019-11-24 05:51:31'),
(1006, 19, 'Hold', 'VYHARJSQYVU', '2019-11-24 05:51:31', '2019-11-24 05:51:31'),
(1007, 41, 'Cancel', 'CSCUGCS8', '2019-11-24 05:51:31', '2019-11-24 05:51:31'),
(1008, 10, 'Packaging', 'MIDOHQGN', '2019-11-24 05:51:31', '2019-11-24 05:51:31'),
(1009, 56, 'Packaging', 'PYTIHJHD665', '2019-11-24 05:51:31', '2019-11-24 05:51:31'),
(1010, 8, 'Cancel', 'LBOJBVMP', '2019-11-24 05:51:31', '2019-11-24 05:51:31'),
(1011, 34, 'Hold', 'GKIKGCN5', '2019-11-24 05:51:31', '2019-11-24 05:51:31'),
(1012, 34, 'Delivered', 'BQUIUM3LVVW', '2019-11-24 05:51:31', '2019-11-24 05:51:31'),
(1013, 24, 'Cancel', 'PRSUAHOHCOS', '2019-11-24 05:51:31', '2019-11-24 05:51:31'),
(1014, 27, 'Packaging', 'ESVBXN9YSHS', '2019-11-24 05:51:31', '2019-11-24 05:51:31'),
(1015, 12, 'Hold', 'PQBDTQQOKB4', '2019-11-24 05:51:31', '2019-11-24 05:51:31'),
(1016, 22, 'Packaging', 'BSHRPAX7PXS', '2019-11-24 05:51:31', '2019-11-24 05:51:31'),
(1017, 11, 'Cancel', 'TGKKMV0QZLK', '2019-11-24 05:51:31', '2019-11-24 05:51:31'),
(1018, 45, 'Delivered', 'EJFFIPV7DPV', '2019-11-24 05:51:31', '2019-11-24 05:51:31'),
(1019, 49, 'Cancel', 'GEEDRGGJMYF', '2019-11-24 05:51:31', '2019-11-24 05:51:31'),
(1020, 56, 'Cancel', 'UNIKHKOY2Q7', '2019-11-24 05:51:31', '2019-11-24 05:51:31'),
(1021, 5, 'Cancel', 'RHKCBUL7', '2019-11-24 05:51:31', '2019-11-24 05:51:31'),
(1022, 55, 'Packaging', 'OREKJIPSA5B', '2019-11-24 05:51:31', '2019-11-24 05:51:31'),
(1023, 9, 'Delivered', 'RXTASOP0', '2019-11-24 05:51:31', '2019-11-24 05:51:31'),
(1024, 52, 'Delivered', 'CZJHXZIBK4X', '2019-11-24 05:51:31', '2019-11-24 05:51:31'),
(1025, 8, 'Packaging', 'IOGXXVVL7JZ', '2019-11-24 05:51:31', '2019-11-24 05:51:31'),
(1026, 25, 'Cancel', 'KGKUYCPT', '2019-11-24 05:51:31', '2019-11-24 05:51:31'),
(1027, 11, 'Delivered', 'DZWGIRA1QS5', '2019-11-24 05:51:31', '2019-11-24 05:51:31'),
(1028, 32, 'Hold', 'AEDCGEAGLCY', '2019-11-24 05:51:31', '2019-11-24 05:51:31'),
(1029, 7, 'Hold', 'FXJZHBOH', '2019-11-24 05:51:31', '2019-11-24 05:51:31'),
(1030, 51, 'Delivered', 'LZKYSUZS', '2019-11-24 05:51:31', '2019-11-24 05:51:31'),
(1031, 20, 'Cancel', 'JVWETCXD', '2019-11-24 05:51:31', '2019-11-24 05:51:31'),
(1032, 38, 'Hold', 'UNDXNM4KRW9', '2019-11-24 05:51:31', '2019-11-24 05:51:31'),
(1033, 16, 'Hold', 'DSQVDX68', '2019-11-24 05:51:31', '2019-11-24 05:51:31'),
(1034, 16, 'Cancel', 'BWXBXBC9', '2019-11-24 05:51:31', '2019-11-24 05:51:31'),
(1035, 3, 'Delivered', 'MEKICPT24B0', '2019-11-24 05:51:31', '2019-11-24 05:51:31'),
(1036, 45, 'Hold', 'LIOIMMPC', '2019-11-24 05:51:31', '2019-11-24 05:51:31'),
(1037, 13, 'Delivered', 'VUMFKNC4', '2019-11-24 05:51:31', '2019-11-24 05:51:31'),
(1038, 28, 'Cancel', 'IOGJBMJQ', '2019-11-24 05:51:31', '2019-11-24 05:51:31'),
(1039, 54, 'Packaging', 'TSMNFNQC', '2019-11-24 05:51:31', '2019-11-24 05:51:31'),
(1040, 60, 'Hold', 'WVPZCAWH', '2019-11-24 05:51:31', '2019-11-24 05:51:31'),
(1041, 39, 'Cancel', 'XQMRRBPD', '2019-11-24 05:51:31', '2019-11-24 05:51:31'),
(1042, 2, 'Cancel', 'QFHGAYER', '2019-11-24 05:51:31', '2019-11-24 05:51:31'),
(1043, 38, 'Hold', 'TRUNIMV5', '2019-11-24 05:51:31', '2019-11-24 05:51:31'),
(1044, 52, 'Delivered', 'BYAYHVTE', '2019-11-24 05:51:31', '2019-11-24 05:51:31'),
(1045, 51, 'Packaging', 'QLCKIJXV', '2019-11-24 05:51:31', '2019-11-24 05:51:31'),
(1046, 6, 'Delivered', 'ZALHPJUO', '2019-11-24 05:51:31', '2019-11-24 05:51:31'),
(1047, 60, 'Delivered', 'FREQZAN1', '2019-11-24 05:51:31', '2019-11-24 05:51:31'),
(1048, 19, 'Hold', 'HFSTROI4', '2019-11-24 05:51:31', '2019-11-24 05:51:31'),
(1049, 20, 'Packaging', 'YAIUUAIQ', '2019-11-24 05:51:31', '2019-11-24 05:51:31'),
(1050, 57, 'Hold', 'DOGBPIGP', '2019-11-24 05:51:31', '2019-11-24 05:51:31'),
(1051, 48, 'Hold', 'BJPXRUE8LDH', '2019-11-24 05:51:31', '2019-11-24 05:51:31'),
(1052, 6, 'Hold', 'USABZXVNW95', '2019-11-24 05:51:31', '2019-11-24 05:51:31'),
(1053, 50, 'Delivered', 'IVZLECVTKPA', '2019-11-24 05:51:31', '2019-11-24 05:51:31'),
(1054, 10, 'Hold', 'KNUZVT4L', '2019-11-24 05:51:31', '2019-11-24 05:51:31'),
(1055, 5, 'Cancel', 'XSGXLQIB', '2019-11-24 05:51:31', '2019-11-24 05:51:31'),
(1056, 51, 'Hold', 'JSEAFJXMRR5', '2019-11-24 05:51:31', '2019-11-24 05:51:31'),
(1057, 34, 'Cancel', 'XIWIHC77', '2019-11-24 05:51:31', '2019-11-24 05:51:31'),
(1058, 44, 'Delivered', 'HXRVCXJ6V82', '2019-11-24 05:51:31', '2019-11-24 05:51:31'),
(1059, 50, 'Packaging', 'HFITHB1D', '2019-11-24 05:51:31', '2019-11-24 05:51:31'),
(1060, 24, 'Hold', 'OEHBAJ61', '2019-11-24 05:51:31', '2019-11-24 05:51:31'),
(1061, 60, 'Cancel', 'HXDGJMHMSRY', '2019-11-24 05:51:31', '2019-11-24 05:51:31'),
(1062, 42, 'Delivered', 'JHUJBNPQ', '2019-11-24 05:51:31', '2019-11-24 05:51:31'),
(1063, 50, 'Packaging', 'BVAGIWRE', '2019-11-24 05:51:31', '2019-11-24 05:51:31'),
(1064, 28, 'Delivered', 'MNCPPF87FG7', '2019-11-24 05:51:31', '2019-11-24 05:51:31'),
(1065, 26, 'Hold', 'WAKTJT99', '2019-11-24 05:51:31', '2019-11-24 05:51:31'),
(1066, 28, 'Packaging', 'NTBUGBDCJZK', '2019-11-24 05:51:31', '2019-11-24 05:51:31'),
(1067, 32, 'Packaging', 'BDUYXSZ3Z6M', '2019-11-24 05:51:31', '2019-11-24 05:51:31'),
(1068, 2, 'Delivered', 'DPPNVO5W', '2019-11-24 05:51:31', '2019-11-24 05:51:31'),
(1069, 48, 'Cancel', 'JSFGIPWVZKC', '2019-11-24 05:51:31', '2019-11-24 05:51:31'),
(1070, 1, 'Hold', 'QSQOXWTV', '2019-11-24 05:51:31', '2019-11-24 05:51:31'),
(1071, 46, 'Hold', 'KTNJICTAGST', '2019-11-24 05:51:31', '2019-11-24 05:51:31'),
(1072, 48, 'Delivered', 'LKLISLXF', '2019-11-24 05:51:31', '2019-11-24 05:51:31'),
(1073, 10, 'Packaging', 'FAPNPSALW0I', '2019-11-24 05:51:31', '2019-11-24 05:51:31'),
(1074, 23, 'Delivered', 'LDPPYR4R8NP', '2019-11-24 05:51:31', '2019-11-24 05:51:31'),
(1075, 14, 'Cancel', 'JVCXRV8Z', '2019-11-24 05:51:31', '2019-11-24 05:51:31'),
(1076, 43, 'Hold', 'NQXMNU89DI6', '2019-11-24 05:51:31', '2019-11-24 05:51:31'),
(1077, 56, 'Packaging', 'BKVRDFGQ', '2019-11-24 05:51:31', '2019-11-24 05:51:31'),
(1078, 44, 'Hold', 'RHRUGEDFFCV', '2019-11-24 05:51:31', '2019-11-24 05:51:31'),
(1079, 13, 'Hold', 'ZQIZNTRA', '2019-11-24 05:51:31', '2019-11-24 05:51:31'),
(1080, 59, 'Hold', 'BQIOCD6F924', '2019-11-24 05:51:31', '2019-11-24 05:51:31'),
(1081, 56, 'Packaging', 'PPVYGYRU0EC', '2019-11-24 05:51:31', '2019-11-24 05:51:31'),
(1082, 12, 'Hold', 'VPNLJARGKJZ', '2019-11-24 05:51:31', '2019-11-24 05:51:31'),
(1083, 33, 'Hold', 'YVLCOFXB', '2019-11-24 05:51:31', '2019-11-24 05:51:31'),
(1084, 32, 'Delivered', 'BZKGLYZDYD1', '2019-11-24 05:51:31', '2019-11-24 05:51:31'),
(1085, 34, 'Packaging', 'ICWCWHQ8I23', '2019-11-24 05:51:31', '2019-11-24 05:51:31'),
(1086, 29, 'Hold', 'LGDOHORO', '2019-11-24 05:51:31', '2019-11-24 05:51:31'),
(1087, 35, 'Packaging', 'OWKYJWQZQEH', '2019-11-24 05:51:31', '2019-11-24 05:51:31'),
(1088, 18, 'Hold', 'SGFHQC0D', '2019-11-24 05:51:31', '2019-11-24 05:51:31'),
(1089, 11, 'Delivered', 'AYTEGEHC', '2019-11-24 05:51:31', '2019-11-24 05:51:31'),
(1090, 39, 'Delivered', 'TPFHDZSWTMF', '2019-11-24 05:51:31', '2019-11-24 05:51:31'),
(1091, 42, 'Cancel', 'AGWNXO8N', '2019-11-24 05:51:31', '2019-11-24 05:51:31'),
(1092, 24, 'Hold', 'DGVLGZ38PYA', '2019-11-24 05:51:31', '2019-11-24 05:51:31'),
(1093, 47, 'Packaging', 'UXNFDRNREQF', '2019-11-24 05:51:31', '2019-11-24 05:51:31'),
(1094, 2, 'Packaging', 'WUMYFDDR', '2019-11-24 05:51:31', '2019-11-24 05:51:31'),
(1095, 14, 'Delivered', 'UBNWGDEX', '2019-11-24 05:51:31', '2019-11-24 05:51:31'),
(1096, 5, 'Cancel', 'HNCPMDC9T4V', '2019-11-24 05:51:31', '2019-11-24 05:51:31'),
(1097, 36, 'Hold', 'DJCTRF1U7EA', '2019-11-24 05:51:31', '2019-11-24 05:51:31'),
(1098, 1, 'Packaging', 'HJQYHWA4', '2019-11-24 05:51:31', '2019-11-24 05:51:31'),
(1099, 35, 'Delivered', 'FVFGVLXB', '2019-11-24 05:51:31', '2019-11-24 05:51:31'),
(1100, 38, 'Delivered', 'URJGFFSU', '2019-11-24 05:51:31', '2019-11-24 05:51:31'),
(1101, 25, 'Packaging', 'JHUWQTJ4XOL', '2019-11-24 05:51:31', '2019-11-24 05:51:31'),
(1102, 21, 'Packaging', 'WOWFRBIRVYG', '2019-11-24 05:51:31', '2019-11-24 05:51:31'),
(1103, 19, 'Packaging', 'XXPNQLTDW9W', '2019-11-24 05:51:31', '2019-11-24 05:51:31'),
(1104, 32, 'Cancel', 'NEKGMXXA', '2019-11-24 05:51:31', '2019-11-24 05:51:31'),
(1105, 32, 'Hold', 'LWKUSPII', '2019-11-24 05:51:31', '2019-11-24 05:51:31'),
(1106, 34, 'Cancel', 'WRJYLLQS2R3', '2019-11-24 05:51:31', '2019-11-24 05:51:31'),
(1107, 58, 'Packaging', 'IBTIZWN3ES1', '2019-11-24 05:51:31', '2019-11-24 05:51:31'),
(1108, 58, 'Hold', 'OYLKGS31W4Q', '2019-11-24 05:51:31', '2019-11-24 05:51:31'),
(1109, 43, 'Cancel', 'FAATRJA1', '2019-11-24 05:51:31', '2019-11-24 05:51:31'),
(1110, 48, 'Packaging', 'MEROXCET30T', '2019-11-24 05:51:31', '2019-11-24 05:51:31'),
(1111, 57, 'Cancel', 'FWUAKXS7RC2', '2019-11-24 05:51:31', '2019-11-24 05:51:31'),
(1112, 56, 'Packaging', 'UKPASX31', '2019-11-24 05:51:31', '2019-11-24 05:51:31'),
(1113, 58, 'Packaging', 'DEQBEE000N4', '2019-11-24 05:51:31', '2019-11-24 05:51:31'),
(1114, 33, 'Hold', 'SKHCNB5L', '2019-11-24 05:51:31', '2019-11-24 05:51:31'),
(1115, 21, 'Packaging', 'VTNGVY9H', '2019-11-24 05:51:31', '2019-11-24 05:51:31'),
(1116, 27, 'Cancel', 'LLCHKL7SDB9', '2019-11-24 05:51:31', '2019-11-24 05:51:31'),
(1117, 46, 'Packaging', 'QSDXLVMB', '2019-11-24 05:51:31', '2019-11-24 05:51:31'),
(1118, 16, 'Cancel', 'UNVXJZ8SIUL', '2019-11-24 05:51:31', '2019-11-24 05:51:31'),
(1119, 43, 'Packaging', 'JBWRIL9R27Q', '2019-11-24 05:51:31', '2019-11-24 05:51:31'),
(1120, 17, 'Hold', 'QIBCYWBGJG1', '2019-11-24 05:51:31', '2019-11-24 05:51:31'),
(1121, 36, 'Cancel', 'CGNYMWM7XBE', '2019-11-24 05:51:31', '2019-11-24 05:51:31'),
(1122, 46, 'Hold', 'RGKLYF49', '2019-11-24 05:51:31', '2019-11-24 05:51:31'),
(1123, 44, 'Packaging', 'UBJJRANG', '2019-11-24 05:51:31', '2019-11-24 05:51:31'),
(1124, 41, 'Hold', 'HDQLDLZNBL7', '2019-11-24 05:51:31', '2019-11-24 05:51:31'),
(1125, 23, 'Delivered', 'VFHIPMPY6Y9', '2019-11-24 05:51:31', '2019-11-24 05:51:31'),
(1126, 43, 'Delivered', 'CTXXNW6HBRC', '2019-11-24 05:51:31', '2019-11-24 05:51:31'),
(1127, 42, 'Packaging', 'JKDAUVJE', '2019-11-24 05:51:31', '2019-11-24 05:51:31'),
(1128, 30, 'Hold', 'WXZTCNKW', '2019-11-24 05:51:31', '2019-11-24 05:51:31'),
(1129, 55, 'Packaging', 'WTCNEH8H', '2019-11-24 05:51:31', '2019-11-24 05:51:31'),
(1130, 22, 'Packaging', 'SERAFS3K', '2019-11-24 05:51:31', '2019-11-24 05:51:31'),
(1131, 25, 'Packaging', 'EAEZTFM8', '2019-11-24 05:51:31', '2019-11-24 05:51:31'),
(1132, 37, 'Delivered', 'MHXQTEM4', '2019-11-24 05:51:31', '2019-11-24 05:51:31'),
(1133, 17, 'Hold', 'PCKDCHEZEXK', '2019-11-24 05:51:31', '2019-11-24 05:51:31'),
(1134, 21, 'Hold', 'XKNSCFGLZNS', '2019-11-24 05:51:31', '2019-11-24 05:51:31'),
(1135, 54, 'Delivered', 'IIAIPF2GKMM', '2019-11-24 05:51:31', '2019-11-24 05:51:31'),
(1136, 21, 'Packaging', 'WCPDPPZSVP6', '2019-11-24 05:51:31', '2019-11-24 05:51:31'),
(1137, 45, 'Hold', 'QMXMQXKV', '2019-11-24 05:51:31', '2019-11-24 05:51:31'),
(1138, 23, 'Packaging', 'BNOKXBTUQVD', '2019-11-24 05:51:31', '2019-11-24 05:51:31'),
(1139, 32, 'Delivered', 'ZZCBVDWAZJU', '2019-11-24 05:51:31', '2019-11-24 05:51:31'),
(1140, 51, 'Cancel', 'YLMKHLMY', '2019-11-24 05:51:31', '2019-11-24 05:51:31'),
(1141, 18, 'Delivered', 'WQSZGWOVX3E', '2019-11-24 05:51:31', '2019-11-24 05:51:31'),
(1142, 11, 'Hold', 'RSOKYMG0', '2019-11-24 05:51:31', '2019-11-24 05:51:31'),
(1143, 49, 'Delivered', 'PLSZVZWO1TY', '2019-11-24 05:51:31', '2019-11-24 05:51:31'),
(1144, 8, 'Packaging', 'BDOWYT75', '2019-11-24 05:51:31', '2019-11-24 05:51:31'),
(1145, 41, 'Delivered', 'TBMPGUN3', '2019-11-24 05:51:31', '2019-11-24 05:51:31'),
(1146, 30, 'Delivered', 'QOSAAAOM', '2019-11-24 05:51:31', '2019-11-24 05:51:31'),
(1147, 14, 'Cancel', 'TUCNHH0M', '2019-11-24 05:51:31', '2019-11-24 05:51:31'),
(1148, 21, 'Delivered', 'HHJYBRA5QRC', '2019-11-24 05:51:31', '2019-11-24 05:51:31'),
(1149, 34, 'Packaging', 'FMKYLANAPC3', '2019-11-24 05:51:31', '2019-11-24 05:51:31'),
(1150, 50, 'Cancel', 'IDLMVS9V', '2019-11-24 05:51:31', '2019-11-24 05:51:31'),
(1151, 29, 'Hold', 'CNZTLJAX', '2019-11-24 05:51:31', '2019-11-24 05:51:31'),
(1152, 4, 'Packaging', 'VQTUMI56AOU', '2019-11-24 05:51:31', '2019-11-24 05:51:31'),
(1153, 3, 'Hold', 'TABWML04', '2019-11-24 05:51:31', '2019-11-24 05:51:31'),
(1154, 21, 'Delivered', 'UOVAVADE1CG', '2019-11-24 05:51:31', '2019-11-24 05:51:31'),
(1155, 45, 'Cancel', 'LOHQJE4CLDB', '2019-11-24 05:51:31', '2019-11-24 05:51:31'),
(1156, 56, 'Packaging', 'VQZSXRX9', '2019-11-24 05:51:31', '2019-11-24 05:51:31'),
(1157, 2, 'Cancel', 'NPAPRD81AW7', '2019-11-24 05:51:31', '2019-11-24 05:51:31'),
(1158, 42, 'Delivered', 'VHHTOWAHM7X', '2019-11-24 05:51:31', '2019-11-24 05:51:31'),
(1159, 55, 'Delivered', 'HXHNRK0WMTK', '2019-11-24 05:51:31', '2019-11-24 05:51:31'),
(1160, 1, 'Packaging', 'SXATJRPR', '2019-11-24 05:51:31', '2019-11-24 05:51:31'),
(1161, 34, 'Packaging', 'WAACZTDWJVH', '2019-11-24 05:51:31', '2019-11-24 05:51:31'),
(1162, 49, 'Packaging', 'XPBXEJ6C1PJ', '2019-11-24 05:51:31', '2019-11-24 05:51:31'),
(1163, 44, 'Cancel', 'NMITKO6J', '2019-11-24 05:51:31', '2019-11-24 05:51:31'),
(1164, 13, 'Packaging', 'PNMUDZWIZB6', '2019-11-24 05:51:31', '2019-11-24 05:51:31'),
(1165, 24, 'Delivered', 'URQOUU5ASWV', '2019-11-24 05:51:31', '2019-11-24 05:51:31'),
(1166, 52, 'Cancel', 'DAPASO6N', '2019-11-24 05:51:31', '2019-11-24 05:51:31'),
(1167, 3, 'Hold', 'CVQIYQDJFHE', '2019-11-24 05:51:31', '2019-11-24 05:51:31'),
(1168, 5, 'Hold', 'NYFDXBZF', '2019-11-24 05:51:31', '2019-11-24 05:51:31'),
(1169, 23, 'Hold', 'ZRJXFGS78H4', '2019-11-24 05:51:31', '2019-11-24 05:51:31'),
(1170, 8, 'Packaging', 'GEZFWV3W', '2019-11-24 05:51:31', '2019-11-24 05:51:31'),
(1171, 11, 'Packaging', 'MKGYZCZA', '2019-11-24 05:51:31', '2019-11-24 05:51:31'),
(1172, 3, 'Packaging', 'SLTFAF4Y', '2019-11-24 05:51:31', '2019-11-24 05:51:31'),
(1173, 48, 'Delivered', 'SBCWESMB', '2019-11-24 05:51:31', '2019-11-24 05:51:31'),
(1174, 40, 'Packaging', 'BCKOGSHF', '2019-11-24 05:51:31', '2019-11-24 05:51:31'),
(1175, 29, 'Hold', 'QFCUCD9X', '2019-11-24 05:51:31', '2019-11-24 05:51:31'),
(1176, 21, 'Hold', 'VMTDTNZR15Z', '2019-11-24 05:51:31', '2019-11-24 05:51:31'),
(1177, 22, 'Packaging', 'GFZEFGX3', '2019-11-24 05:51:31', '2019-11-24 05:51:31'),
(1178, 3, 'Packaging', 'SVQXUUXK9TS', '2019-11-24 05:51:31', '2019-11-24 05:51:31'),
(1179, 54, 'Cancel', 'MOAGSIEGJ2D', '2019-11-24 05:51:31', '2019-11-24 05:51:31'),
(1180, 5, 'Delivered', 'NWTYTG8C', '2019-11-24 05:51:31', '2019-11-24 05:51:31'),
(1181, 32, 'Hold', 'KHSWWBPLPB7', '2019-11-24 05:51:31', '2019-11-24 05:51:31'),
(1182, 44, 'Delivered', 'BRXQFBF5', '2019-11-24 05:51:31', '2019-11-24 05:51:31'),
(1183, 53, 'Delivered', 'JTEFPKWQKFA', '2019-11-24 05:51:31', '2019-11-24 05:51:31'),
(1184, 7, 'Packaging', 'QNMTVX0FN8T', '2019-11-24 05:51:31', '2019-11-24 05:51:31'),
(1185, 41, 'Packaging', 'WDRAEFLE', '2019-11-24 05:51:31', '2019-11-24 05:51:31'),
(1186, 43, 'Hold', 'TSUXFDEDUHF', '2019-11-24 05:51:31', '2019-11-24 05:51:31'),
(1187, 29, 'Hold', 'LYEWLJLBZFS', '2019-11-24 05:51:31', '2019-11-24 05:51:31'),
(1188, 58, 'Cancel', 'QVVDWKN9', '2019-11-24 05:51:31', '2019-11-24 05:51:31'),
(1189, 27, 'Delivered', 'EXFBHBXXHIQ', '2019-11-24 05:51:31', '2019-11-24 05:51:31'),
(1190, 4, 'Delivered', 'WQAIXDD2RX6', '2019-11-24 05:51:31', '2019-11-24 05:51:31'),
(1191, 15, 'Hold', 'QCUNIQ3ME9Y', '2019-11-24 05:51:31', '2019-11-24 05:51:31'),
(1192, 26, 'Cancel', 'ZXTUODG8', '2019-11-24 05:51:31', '2019-11-24 05:51:31'),
(1193, 25, 'Cancel', 'VLHWND82Q9E', '2019-11-24 05:51:31', '2019-11-24 05:51:31'),
(1194, 46, 'Packaging', 'YVGVHP2D', '2019-11-24 05:51:31', '2019-11-24 05:51:31'),
(1195, 45, 'Delivered', 'DHAAXFXZGFW', '2019-11-24 05:51:31', '2019-11-24 05:51:31'),
(1196, 57, 'Delivered', 'ZPRIDMU87V3', '2019-11-24 05:51:31', '2019-11-24 05:51:31'),
(1197, 7, 'Delivered', 'WPWDVZOCZBM', '2019-11-24 05:51:31', '2019-11-24 05:51:31'),
(1198, 54, 'Cancel', 'ECKYTB62ZTB', '2019-11-24 05:51:31', '2019-11-24 05:51:31'),
(1199, 55, 'Hold', 'AHGJPRGA', '2019-11-24 05:51:31', '2019-11-24 05:51:31'),
(1200, 37, 'Packaging', 'CPVVBQMP5KR', '2019-11-24 05:51:31', '2019-11-24 05:51:31');

-- --------------------------------------------------------

--
-- Structure de la table `order_details`
--

CREATE TABLE `order_details` (
  `id` int(11) NOT NULL,
  `quantity` int(11) DEFAULT NULL,
  `order_id` bigint(20) NOT NULL,
  `created_at` datetime DEFAULT CURRENT_TIMESTAMP,
  `updated_at` datetime DEFAULT CURRENT_TIMESTAMP ON UPDATE CURRENT_TIMESTAMP,
  `stock_id` int(11) NOT NULL
) ENGINE=InnoDB DEFAULT CHARSET=utf8;

--
-- Déchargement des données de la table `order_details`
--

INSERT INTO `order_details` (`id`, `quantity`, `order_id`, `created_at`, `updated_at`, `stock_id`) VALUES
(1, 2, 399, '2019-11-24 05:51:46', '2019-11-24 05:51:46', 16),
(2, 5, 233, '2019-11-24 05:51:46', '2019-11-24 05:51:46', 3),
(3, 1, 796, '2019-11-24 05:51:46', '2019-11-24 05:51:46', 28),
(4, 7, 1115, '2019-11-24 05:51:46', '2019-11-24 05:51:46', 18),
(5, 5, 448, '2019-11-24 05:51:46', '2019-11-24 05:51:46', 12),
(6, 2, 85, '2019-11-24 05:51:46', '2019-11-24 05:51:46', 29),
(7, 9, 45, '2019-11-24 05:51:46', '2019-11-24 05:51:46', 28),
(8, 9, 498, '2019-11-24 05:51:46', '2019-11-24 05:51:46', 27),
(9, 5, 420, '2019-11-24 05:51:46', '2019-11-24 05:51:46', 8),
(10, 7, 1000, '2019-11-24 05:51:46', '2019-11-24 05:51:46', 29),
(11, 0, 101, '2019-11-24 05:51:46', '2019-11-24 05:51:46', 8),
(12, 0, 751, '2019-11-24 05:51:46', '2019-11-24 05:51:46', 5),
(13, 6, 583, '2019-11-24 05:51:46', '2019-11-24 05:51:46', 1),
(14, 6, 633, '2019-11-24 05:51:46', '2019-11-24 05:51:46', 11),
(15, 0, 236, '2019-11-24 05:51:46', '2019-11-24 05:51:46', 26),
(16, 1, 756, '2019-11-24 05:51:46', '2019-11-24 05:51:46', 27),
(17, 8, 211, '2019-11-24 05:51:46', '2019-11-24 05:51:46', 23),
(18, 3, 607, '2019-11-24 05:51:46', '2019-11-24 05:51:46', 28),
(19, 8, 97, '2019-11-24 05:51:46', '2019-11-24 05:51:46', 21),
(20, 6, 55, '2019-11-24 05:51:46', '2019-11-24 05:51:46', 28),
(21, 7, 1018, '2019-11-24 05:51:46', '2019-11-24 05:51:46', 9),
(22, 8, 11, '2019-11-24 05:51:46', '2019-11-24 05:51:46', 2),
(23, 1, 95, '2019-11-24 05:51:46', '2019-11-24 05:51:46', 2),
(24, 9, 1128, '2019-11-24 05:51:46', '2019-11-24 05:51:46', 28),
(25, 0, 922, '2019-11-24 05:51:46', '2019-11-24 05:51:46', 8),
(26, 7, 562, '2019-11-24 05:51:46', '2019-11-24 05:51:46', 14),
(27, 5, 584, '2019-11-24 05:51:46', '2019-11-24 05:51:46', 9),
(28, 0, 908, '2019-11-24 05:51:46', '2019-11-24 05:51:46', 26),
(29, 2, 443, '2019-11-24 05:51:46', '2019-11-24 05:51:46', 30),
(30, 7, 312, '2019-11-24 05:51:46', '2019-11-24 05:51:46', 17),
(31, 2, 1187, '2019-11-24 05:51:46', '2019-11-24 05:51:46', 30),
(32, 4, 576, '2019-11-24 05:51:46', '2019-11-24 05:51:46', 24),
(33, 1, 95, '2019-11-24 05:51:46', '2019-11-24 05:51:46', 4),
(34, 9, 625, '2019-11-24 05:51:46', '2019-11-24 05:51:46', 20),
(35, 4, 1121, '2019-11-24 05:51:46', '2019-11-24 05:51:46', 29),
(36, 2, 1107, '2019-11-24 05:51:46', '2019-11-24 05:51:46', 16),
(37, 9, 693, '2019-11-24 05:51:46', '2019-11-24 05:51:46', 2),
(38, 3, 472, '2019-11-24 05:51:46', '2019-11-24 05:51:46', 18),
(39, 6, 269, '2019-11-24 05:51:46', '2019-11-24 05:51:46', 19),
(40, 8, 1158, '2019-11-24 05:51:46', '2019-11-24 05:51:46', 14),
(41, 2, 649, '2019-11-24 05:51:46', '2019-11-24 05:51:46', 4),
(42, 8, 511, '2019-11-24 05:51:46', '2019-11-24 05:51:46', 30),
(43, 1, 553, '2019-11-24 05:51:46', '2019-11-24 05:51:46', 19),
(44, 7, 1160, '2019-11-24 05:51:46', '2019-11-24 05:51:46', 20),
(45, 5, 394, '2019-11-24 05:51:46', '2019-11-24 05:51:46', 23),
(46, 0, 98, '2019-11-24 05:51:46', '2019-11-24 05:51:46', 11),
(47, 4, 295, '2019-11-24 05:51:46', '2019-11-24 05:51:46', 6),
(48, 7, 584, '2019-11-24 05:51:46', '2019-11-24 05:51:46', 28),
(49, 0, 492, '2019-11-24 05:51:46', '2019-11-24 05:51:46', 10),
(50, 4, 430, '2019-11-24 05:51:46', '2019-11-24 05:51:46', 18),
(51, 2, 117, '2019-11-24 05:51:46', '2019-11-24 05:51:46', 30),
(52, 1, 260, '2019-11-24 05:51:46', '2019-11-24 05:51:46', 3),
(53, 2, 425, '2019-11-24 05:51:46', '2019-11-24 05:51:46', 5),
(54, 6, 47, '2019-11-24 05:51:46', '2019-11-24 05:51:46', 5),
(55, 1, 879, '2019-11-24 05:51:46', '2019-11-24 05:51:46', 28),
(56, 4, 31, '2019-11-24 05:51:46', '2019-11-24 05:51:46', 2),
(57, 4, 657, '2019-11-24 05:51:46', '2019-11-24 05:51:46', 7),
(58, 1, 733, '2019-11-24 05:51:46', '2019-11-24 05:51:46', 27),
(59, 6, 698, '2019-11-24 05:51:46', '2019-11-24 05:51:46', 2),
(60, 1, 576, '2019-11-24 05:51:46', '2019-11-24 05:51:46', 12),
(61, 1, 225, '2019-11-24 05:51:46', '2019-11-24 05:51:46', 9),
(62, 0, 186, '2019-11-24 05:51:46', '2019-11-24 05:51:46', 14),
(63, 1, 336, '2019-11-24 05:51:46', '2019-11-24 05:51:46', 25),
(64, 8, 701, '2019-11-24 05:51:46', '2019-11-24 05:51:46', 17),
(65, 1, 602, '2019-11-24 05:51:46', '2019-11-24 05:51:46', 10),
(66, 3, 289, '2019-11-24 05:51:46', '2019-11-24 05:51:46', 21),
(67, 2, 253, '2019-11-24 05:51:46', '2019-11-24 05:51:46', 24),
(68, 5, 327, '2019-11-24 05:51:46', '2019-11-24 05:51:46', 29),
(69, 3, 338, '2019-11-24 05:51:46', '2019-11-24 05:51:46', 4),
(70, 8, 1068, '2019-11-24 05:51:46', '2019-11-24 05:51:46', 14),
(71, 1, 1026, '2019-11-24 05:51:46', '2019-11-24 05:51:46', 12),
(72, 5, 953, '2019-11-24 05:51:46', '2019-11-24 05:51:46', 17),
(73, 6, 54, '2019-11-24 05:51:46', '2019-11-24 05:51:46', 10),
(74, 8, 326, '2019-11-24 05:51:46', '2019-11-24 05:51:46', 21),
(75, 8, 1031, '2019-11-24 05:51:46', '2019-11-24 05:51:46', 30),
(76, 7, 68, '2019-11-24 05:51:46', '2019-11-24 05:51:46', 1),
(77, 4, 982, '2019-11-24 05:51:46', '2019-11-24 05:51:46', 10),
(78, 5, 522, '2019-11-24 05:51:46', '2019-11-24 05:51:46', 12),
(79, 2, 910, '2019-11-24 05:51:46', '2019-11-24 05:51:46', 23),
(80, 4, 1147, '2019-11-24 05:51:46', '2019-11-24 05:51:46', 6),
(81, 5, 1014, '2019-11-24 05:51:46', '2019-11-24 05:51:46', 5),
(82, 9, 1132, '2019-11-24 05:51:46', '2019-11-24 05:51:46', 25),
(83, 0, 458, '2019-11-24 05:51:46', '2019-11-24 05:51:46', 20),
(84, 2, 113, '2019-11-24 05:51:46', '2019-11-24 05:51:46', 6),
(85, 8, 147, '2019-11-24 05:51:46', '2019-11-24 05:51:46', 5),
(86, 8, 324, '2019-11-24 05:51:46', '2019-11-24 05:51:46', 10),
(87, 2, 130, '2019-11-24 05:51:46', '2019-11-24 05:51:46', 8),
(88, 6, 127, '2019-11-24 05:51:46', '2019-11-24 05:51:46', 9),
(89, 1, 672, '2019-11-24 05:51:46', '2019-11-24 05:51:46', 26),
(90, 6, 778, '2019-11-24 05:51:46', '2019-11-24 05:51:46', 11),
(91, 4, 167, '2019-11-24 05:51:46', '2019-11-24 05:51:46', 19),
(92, 9, 180, '2019-11-24 05:51:46', '2019-11-24 05:51:46', 15),
(93, 4, 329, '2019-11-24 05:51:46', '2019-11-24 05:51:46', 11),
(94, 3, 512, '2019-11-24 05:51:46', '2019-11-24 05:51:46', 22),
(95, 4, 992, '2019-11-24 05:51:46', '2019-11-24 05:51:46', 25),
(96, 7, 940, '2019-11-24 05:51:46', '2019-11-24 05:51:46', 24),
(97, 7, 742, '2019-11-24 05:51:46', '2019-11-24 05:51:46', 15),
(98, 7, 424, '2019-11-24 05:51:46', '2019-11-24 05:51:46', 19),
(99, 4, 566, '2019-11-24 05:51:46', '2019-11-24 05:51:46', 6),
(100, 0, 545, '2019-11-24 05:51:46', '2019-11-24 05:51:46', 7),
(101, 8, 161, '2019-11-24 05:51:46', '2019-11-24 05:51:46', 15),
(102, 2, 587, '2019-11-24 05:51:46', '2019-11-24 05:51:46', 13),
(103, 7, 1123, '2019-11-24 05:51:46', '2019-11-24 05:51:46', 12),
(104, 2, 687, '2019-11-24 05:51:46', '2019-11-24 05:51:46', 11),
(105, 4, 311, '2019-11-24 05:51:46', '2019-11-24 05:51:46', 29),
(106, 3, 355, '2019-11-24 05:51:46', '2019-11-24 05:51:46', 6),
(107, 2, 1023, '2019-11-24 05:51:46', '2019-11-24 05:51:46', 11),
(108, 3, 401, '2019-11-24 05:51:46', '2019-11-24 05:51:46', 21),
(109, 2, 45, '2019-11-24 05:51:46', '2019-11-24 05:51:46', 8),
(110, 5, 73, '2019-11-24 05:51:46', '2019-11-24 05:51:46', 30),
(111, 1, 495, '2019-11-24 05:51:46', '2019-11-24 05:51:46', 19),
(112, 4, 309, '2019-11-24 05:51:46', '2019-11-24 05:51:46', 14),
(113, 4, 1125, '2019-11-24 05:51:46', '2019-11-24 05:51:46', 28),
(114, 8, 741, '2019-11-24 05:51:46', '2019-11-24 05:51:46', 16),
(115, 2, 883, '2019-11-24 05:51:46', '2019-11-24 05:51:46', 1),
(116, 7, 555, '2019-11-24 05:51:46', '2019-11-24 05:51:46', 15),
(117, 6, 493, '2019-11-24 05:51:46', '2019-11-24 05:51:46', 20),
(118, 1, 988, '2019-11-24 05:51:46', '2019-11-24 05:51:46', 30),
(119, 4, 1057, '2019-11-24 05:51:46', '2019-11-24 05:51:46', 7),
(120, 1, 268, '2019-11-24 05:51:46', '2019-11-24 05:51:46', 4),
(121, 8, 958, '2019-11-24 05:51:46', '2019-11-24 05:51:46', 23),
(122, 0, 658, '2019-11-24 05:51:46', '2019-11-24 05:51:46', 5),
(123, 5, 761, '2019-11-24 05:51:46', '2019-11-24 05:51:46', 29),
(124, 7, 348, '2019-11-24 05:51:46', '2019-11-24 05:51:46', 26),
(125, 6, 394, '2019-11-24 05:51:46', '2019-11-24 05:51:46', 9),
(126, 8, 885, '2019-11-24 05:51:46', '2019-11-24 05:51:46', 24),
(127, 0, 1131, '2019-11-24 05:51:46', '2019-11-24 05:51:46', 4),
(128, 0, 979, '2019-11-24 05:51:46', '2019-11-24 05:51:46', 30),
(129, 3, 946, '2019-11-24 05:51:46', '2019-11-24 05:51:46', 30),
(130, 3, 181, '2019-11-24 05:51:46', '2019-11-24 05:51:46', 28),
(131, 2, 1153, '2019-11-24 05:51:46', '2019-11-24 05:51:46', 7),
(132, 1, 278, '2019-11-24 05:51:46', '2019-11-24 05:51:46', 1),
(133, 6, 54, '2019-11-24 05:51:46', '2019-11-24 05:51:46', 23),
(134, 5, 141, '2019-11-24 05:51:46', '2019-11-24 05:51:46', 21),
(135, 4, 691, '2019-11-24 05:51:46', '2019-11-24 05:51:46', 21),
(136, 4, 452, '2019-11-24 05:51:46', '2019-11-24 05:51:46', 27),
(137, 5, 378, '2019-11-24 05:51:46', '2019-11-24 05:51:46', 7),
(138, 2, 240, '2019-11-24 05:51:46', '2019-11-24 05:51:46', 22),
(139, 1, 625, '2019-11-24 05:51:46', '2019-11-24 05:51:46', 15),
(140, 5, 472, '2019-11-24 05:51:46', '2019-11-24 05:51:46', 13),
(141, 5, 795, '2019-11-24 05:51:46', '2019-11-24 05:51:46', 24),
(142, 5, 1092, '2019-11-24 05:51:46', '2019-11-24 05:51:46', 2),
(143, 6, 358, '2019-11-24 05:51:46', '2019-11-24 05:51:46', 24),
(144, 5, 391, '2019-11-24 05:51:46', '2019-11-24 05:51:46', 8),
(145, 6, 8, '2019-11-24 05:51:46', '2019-11-24 05:51:46', 6),
(146, 4, 152, '2019-11-24 05:51:46', '2019-11-24 05:51:46', 11),
(147, 4, 364, '2019-11-24 05:51:46', '2019-11-24 05:51:46', 15),
(148, 6, 1199, '2019-11-24 05:51:46', '2019-11-24 05:51:46', 5),
(149, 3, 503, '2019-11-24 05:51:46', '2019-11-24 05:51:46', 4),
(150, 2, 405, '2019-11-24 05:51:46', '2019-11-24 05:51:46', 2),
(151, 9, 879, '2019-11-24 05:51:46', '2019-11-24 05:51:46', 25),
(152, 2, 641, '2019-11-24 05:51:46', '2019-11-24 05:51:46', 12),
(153, 5, 1023, '2019-11-24 05:51:46', '2019-11-24 05:51:46', 16),
(154, 3, 754, '2019-11-24 05:51:46', '2019-11-24 05:51:46', 11),
(155, 4, 1186, '2019-11-24 05:51:46', '2019-11-24 05:51:46', 14),
(156, 0, 83, '2019-11-24 05:51:46', '2019-11-24 05:51:46', 12),
(157, 8, 945, '2019-11-24 05:51:46', '2019-11-24 05:51:46', 7),
(158, 9, 372, '2019-11-24 05:51:46', '2019-11-24 05:51:46', 24),
(159, 7, 957, '2019-11-24 05:51:46', '2019-11-24 05:51:46', 25),
(160, 8, 183, '2019-11-24 05:51:46', '2019-11-24 05:51:46', 1),
(161, 3, 1067, '2019-11-24 05:51:46', '2019-11-24 05:51:46', 20),
(162, 6, 151, '2019-11-24 05:51:46', '2019-11-24 05:51:46', 21),
(163, 3, 795, '2019-11-24 05:51:46', '2019-11-24 05:51:46', 7),
(164, 2, 1151, '2019-11-24 05:51:46', '2019-11-24 05:51:46', 21),
(165, 6, 595, '2019-11-24 05:51:46', '2019-11-24 05:51:46', 16),
(166, 0, 382, '2019-11-24 05:51:46', '2019-11-24 05:51:46', 14),
(167, 5, 971, '2019-11-24 05:51:46', '2019-11-24 05:51:46', 28),
(168, 4, 251, '2019-11-24 05:51:46', '2019-11-24 05:51:46', 7),
(169, 7, 1164, '2019-11-24 05:51:46', '2019-11-24 05:51:46', 4),
(170, 7, 1, '2019-11-24 05:51:46', '2019-11-24 05:51:46', 21),
(171, 5, 801, '2019-11-24 05:51:46', '2019-11-24 05:51:46', 19),
(172, 2, 202, '2019-11-24 05:51:46', '2019-11-24 05:51:46', 6),
(173, 9, 903, '2019-11-24 05:51:46', '2019-11-24 05:51:46', 5),
(174, 1, 1075, '2019-11-24 05:51:46', '2019-11-24 05:51:46', 9),
(175, 0, 687, '2019-11-24 05:51:46', '2019-11-24 05:51:46', 8),
(176, 6, 1033, '2019-11-24 05:51:46', '2019-11-24 05:51:46', 29),
(177, 3, 54, '2019-11-24 05:51:46', '2019-11-24 05:51:46', 26),
(178, 5, 30, '2019-11-24 05:51:46', '2019-11-24 05:51:46', 10),
(179, 1, 34, '2019-11-24 05:51:46', '2019-11-24 05:51:46', 17),
(180, 4, 520, '2019-11-24 05:51:46', '2019-11-24 05:51:46', 30),
(181, 0, 534, '2019-11-24 05:51:46', '2019-11-24 05:51:46', 27),
(182, 0, 301, '2019-11-24 05:51:46', '2019-11-24 05:51:46', 4),
(183, 1, 729, '2019-11-24 05:51:46', '2019-11-24 05:51:46', 5),
(184, 7, 607, '2019-11-24 05:51:46', '2019-11-24 05:51:46', 11),
(185, 0, 499, '2019-11-24 05:51:46', '2019-11-24 05:51:46', 26),
(186, 0, 773, '2019-11-24 05:51:46', '2019-11-24 05:51:46', 25),
(187, 7, 935, '2019-11-24 05:51:46', '2019-11-24 05:51:46', 30),
(188, 6, 441, '2019-11-24 05:51:46', '2019-11-24 05:51:46', 2),
(189, 2, 999, '2019-11-24 05:51:46', '2019-11-24 05:51:46', 1),
(190, 3, 715, '2019-11-24 05:51:46', '2019-11-24 05:51:46', 29),
(191, 7, 703, '2019-11-24 05:51:46', '2019-11-24 05:51:46', 18),
(192, 8, 981, '2019-11-24 05:51:46', '2019-11-24 05:51:46', 17),
(193, 9, 507, '2019-11-24 05:51:46', '2019-11-24 05:51:46', 29),
(194, 1, 1170, '2019-11-24 05:51:46', '2019-11-24 05:51:46', 6),
(195, 7, 680, '2019-11-24 05:51:46', '2019-11-24 05:51:46', 30),
(196, 6, 429, '2019-11-24 05:51:46', '2019-11-24 05:51:46', 25),
(197, 4, 130, '2019-11-24 05:51:46', '2019-11-24 05:51:46', 21),
(198, 3, 650, '2019-11-24 05:51:46', '2019-11-24 05:51:46', 21),
(199, 4, 908, '2019-11-24 05:51:46', '2019-11-24 05:51:46', 20),
(200, 3, 342, '2019-11-24 05:51:46', '2019-11-24 05:51:46', 6),
(201, 4, 361, '2019-11-24 05:51:46', '2019-11-24 05:51:46', 21),
(202, 3, 1096, '2019-11-24 05:51:46', '2019-11-24 05:51:46', 1),
(203, 1, 600, '2019-11-24 05:51:46', '2019-11-24 05:51:46', 28),
(204, 0, 792, '2019-11-24 05:51:46', '2019-11-24 05:51:46', 5),
(205, 7, 1021, '2019-11-24 05:51:46', '2019-11-24 05:51:46', 13),
(206, 5, 786, '2019-11-24 05:51:46', '2019-11-24 05:51:46', 3),
(207, 4, 543, '2019-11-24 05:51:46', '2019-11-24 05:51:46', 12),
(208, 6, 126, '2019-11-24 05:51:46', '2019-11-24 05:51:46', 8),
(209, 0, 598, '2019-11-24 05:51:46', '2019-11-24 05:51:46', 16),
(210, 4, 492, '2019-11-24 05:51:46', '2019-11-24 05:51:46', 23),
(211, 0, 29, '2019-11-24 05:51:46', '2019-11-24 05:51:46', 10),
(212, 2, 936, '2019-11-24 05:51:46', '2019-11-24 05:51:46', 8),
(213, 2, 939, '2019-11-24 05:51:46', '2019-11-24 05:51:46', 1),
(214, 2, 1079, '2019-11-24 05:51:46', '2019-11-24 05:51:46', 11),
(215, 5, 771, '2019-11-24 05:51:46', '2019-11-24 05:51:46', 3),
(216, 5, 308, '2019-11-24 05:51:46', '2019-11-24 05:51:46', 18),
(217, 6, 147, '2019-11-24 05:51:46', '2019-11-24 05:51:46', 20),
(218, 4, 700, '2019-11-24 05:51:46', '2019-11-24 05:51:46', 7),
(219, 3, 626, '2019-11-24 05:51:46', '2019-11-24 05:51:46', 1),
(220, 9, 536, '2019-11-24 05:51:46', '2019-11-24 05:51:46', 20),
(221, 0, 42, '2019-11-24 05:51:46', '2019-11-24 05:51:46', 8),
(222, 6, 373, '2019-11-24 05:51:46', '2019-11-24 05:51:46', 19),
(223, 3, 643, '2019-11-24 05:51:46', '2019-11-24 05:51:46', 17),
(224, 2, 835, '2019-11-24 05:51:46', '2019-11-24 05:51:46', 29),
(225, 4, 1139, '2019-11-24 05:51:46', '2019-11-24 05:51:46', 11),
(226, 2, 544, '2019-11-24 05:51:46', '2019-11-24 05:51:46', 23),
(227, 0, 898, '2019-11-24 05:51:46', '2019-11-24 05:51:46', 7),
(228, 9, 538, '2019-11-24 05:51:46', '2019-11-24 05:51:46', 13),
(229, 9, 807, '2019-11-24 05:51:46', '2019-11-24 05:51:46', 21),
(230, 9, 890, '2019-11-24 05:51:46', '2019-11-24 05:51:46', 4),
(231, 1, 323, '2019-11-24 05:51:46', '2019-11-24 05:51:46', 18),
(232, 1, 581, '2019-11-24 05:51:46', '2019-11-24 05:51:46', 24),
(233, 4, 325, '2019-11-24 05:51:46', '2019-11-24 05:51:46', 2),
(234, 2, 340, '2019-11-24 05:51:46', '2019-11-24 05:51:46', 5),
(235, 8, 272, '2019-11-24 05:51:46', '2019-11-24 05:51:46', 21),
(236, 0, 600, '2019-11-24 05:51:46', '2019-11-24 05:51:46', 17),
(237, 7, 170, '2019-11-24 05:51:46', '2019-11-24 05:51:46', 16),
(238, 4, 378, '2019-11-24 05:51:46', '2019-11-24 05:51:46', 16),
(239, 2, 1033, '2019-11-24 05:51:46', '2019-11-24 05:51:46', 22),
(240, 0, 559, '2019-11-24 05:51:46', '2019-11-24 05:51:46', 23),
(241, 9, 1190, '2019-11-24 05:51:46', '2019-11-24 05:51:46', 14),
(242, 6, 885, '2019-11-24 05:51:46', '2019-11-24 05:51:46', 28),
(243, 6, 930, '2019-11-24 05:51:46', '2019-11-24 05:51:46', 17),
(244, 8, 675, '2019-11-24 05:51:46', '2019-11-24 05:51:46', 20),
(245, 4, 235, '2019-11-24 05:51:46', '2019-11-24 05:51:46', 13),
(246, 9, 727, '2019-11-24 05:51:46', '2019-11-24 05:51:46', 18),
(247, 5, 137, '2019-11-24 05:51:46', '2019-11-24 05:51:46', 7),
(248, 6, 389, '2019-11-24 05:51:46', '2019-11-24 05:51:46', 28),
(249, 6, 126, '2019-11-24 05:51:46', '2019-11-24 05:51:46', 7),
(250, 2, 277, '2019-11-24 05:51:46', '2019-11-24 05:51:46', 30),
(251, 7, 728, '2019-11-24 05:51:46', '2019-11-24 05:51:46', 14),
(252, 8, 610, '2019-11-24 05:51:46', '2019-11-24 05:51:46', 26),
(253, 9, 1130, '2019-11-24 05:51:46', '2019-11-24 05:51:46', 5),
(254, 0, 1050, '2019-11-24 05:51:46', '2019-11-24 05:51:46', 30),
(255, 2, 323, '2019-11-24 05:51:46', '2019-11-24 05:51:46', 9),
(256, 7, 173, '2019-11-24 05:51:46', '2019-11-24 05:51:46', 20),
(257, 4, 1018, '2019-11-24 05:51:46', '2019-11-24 05:51:46', 28),
(258, 6, 726, '2019-11-24 05:51:46', '2019-11-24 05:51:46', 1),
(259, 4, 334, '2019-11-24 05:51:46', '2019-11-24 05:51:46', 30),
(260, 0, 753, '2019-11-24 05:51:46', '2019-11-24 05:51:46', 9),
(261, 1, 852, '2019-11-24 05:51:46', '2019-11-24 05:51:46', 6),
(262, 9, 1058, '2019-11-24 05:51:46', '2019-11-24 05:51:46', 18),
(263, 5, 338, '2019-11-24 05:51:46', '2019-11-24 05:51:46', 13),
(264, 9, 172, '2019-11-24 05:51:46', '2019-11-24 05:51:46', 6),
(265, 5, 32, '2019-11-24 05:51:46', '2019-11-24 05:51:46', 27),
(266, 2, 998, '2019-11-24 05:51:46', '2019-11-24 05:51:46', 29),
(267, 2, 1079, '2019-11-24 05:51:46', '2019-11-24 05:51:46', 14),
(268, 5, 684, '2019-11-24 05:51:46', '2019-11-24 05:51:46', 17),
(269, 4, 374, '2019-11-24 05:51:46', '2019-11-24 05:51:46', 16),
(270, 0, 648, '2019-11-24 05:51:46', '2019-11-24 05:51:46', 1),
(271, 8, 545, '2019-11-24 05:51:46', '2019-11-24 05:51:46', 15),
(272, 7, 684, '2019-11-24 05:51:46', '2019-11-24 05:51:46', 16),
(273, 0, 502, '2019-11-24 05:51:46', '2019-11-24 05:51:46', 17),
(274, 8, 57, '2019-11-24 05:51:46', '2019-11-24 05:51:46', 26),
(275, 5, 379, '2019-11-24 05:51:46', '2019-11-24 05:51:46', 25),
(276, 4, 810, '2019-11-24 05:51:46', '2019-11-24 05:51:46', 2),
(277, 6, 706, '2019-11-24 05:51:46', '2019-11-24 05:51:46', 29),
(278, 1, 503, '2019-11-24 05:51:46', '2019-11-24 05:51:46', 28),
(279, 9, 566, '2019-11-24 05:51:46', '2019-11-24 05:51:46', 29),
(280, 1, 1123, '2019-11-24 05:51:46', '2019-11-24 05:51:46', 5),
(281, 7, 1029, '2019-11-24 05:51:46', '2019-11-24 05:51:46', 13),
(282, 4, 1155, '2019-11-24 05:51:46', '2019-11-24 05:51:46', 13),
(283, 1, 1187, '2019-11-24 05:51:46', '2019-11-24 05:51:46', 11),
(284, 4, 1143, '2019-11-24 05:51:46', '2019-11-24 05:51:46', 3),
(285, 2, 1097, '2019-11-24 05:51:46', '2019-11-24 05:51:46', 11),
(286, 0, 979, '2019-11-24 05:51:46', '2019-11-24 05:51:46', 12),
(287, 4, 921, '2019-11-24 05:51:46', '2019-11-24 05:51:46', 20),
(288, 4, 169, '2019-11-24 05:51:46', '2019-11-24 05:51:46', 10),
(289, 6, 410, '2019-11-24 05:51:46', '2019-11-24 05:51:46', 9),
(290, 2, 833, '2019-11-24 05:51:46', '2019-11-24 05:51:46', 9),
(291, 0, 962, '2019-11-24 05:51:46', '2019-11-24 05:51:46', 7),
(292, 1, 941, '2019-11-24 05:51:46', '2019-11-24 05:51:46', 29),
(293, 6, 13, '2019-11-24 05:51:46', '2019-11-24 05:51:46', 25),
(294, 7, 817, '2019-11-24 05:51:46', '2019-11-24 05:51:46', 29),
(295, 7, 1003, '2019-11-24 05:51:46', '2019-11-24 05:51:46', 1),
(296, 7, 754, '2019-11-24 05:51:46', '2019-11-24 05:51:46', 13),
(297, 4, 1063, '2019-11-24 05:51:46', '2019-11-24 05:51:46', 4),
(298, 8, 506, '2019-11-24 05:51:46', '2019-11-24 05:51:46', 10),
(299, 0, 97, '2019-11-24 05:51:46', '2019-11-24 05:51:46', 1),
(300, 3, 44, '2019-11-24 05:51:46', '2019-11-24 05:51:46', 22),
(301, 7, 1053, '2019-11-24 05:51:46', '2019-11-24 05:51:46', 18),
(302, 4, 609, '2019-11-24 05:51:46', '2019-11-24 05:51:46', 27),
(303, 2, 122, '2019-11-24 05:51:46', '2019-11-24 05:51:46', 29),
(304, 3, 699, '2019-11-24 05:51:46', '2019-11-24 05:51:46', 21),
(305, 3, 254, '2019-11-24 05:51:46', '2019-11-24 05:51:46', 15),
(306, 0, 875, '2019-11-24 05:51:46', '2019-11-24 05:51:46', 2),
(307, 4, 714, '2019-11-24 05:51:46', '2019-11-24 05:51:46', 8),
(308, 0, 167, '2019-11-24 05:51:46', '2019-11-24 05:51:46', 17),
(309, 7, 1086, '2019-11-24 05:51:46', '2019-11-24 05:51:46', 4),
(310, 3, 808, '2019-11-24 05:51:46', '2019-11-24 05:51:46', 14),
(311, 0, 660, '2019-11-24 05:51:46', '2019-11-24 05:51:46', 2),
(312, 0, 892, '2019-11-24 05:51:46', '2019-11-24 05:51:46', 24),
(313, 4, 510, '2019-11-24 05:51:46', '2019-11-24 05:51:46', 30),
(314, 2, 21, '2019-11-24 05:51:46', '2019-11-24 05:51:46', 13),
(315, 5, 332, '2019-11-24 05:51:46', '2019-11-24 05:51:46', 28),
(316, 2, 170, '2019-11-24 05:51:46', '2019-11-24 05:51:46', 1),
(317, 7, 1171, '2019-11-24 05:51:46', '2019-11-24 05:51:46', 22),
(318, 7, 93, '2019-11-24 05:51:46', '2019-11-24 05:51:46', 10),
(319, 5, 720, '2019-11-24 05:51:46', '2019-11-24 05:51:46', 17),
(320, 8, 193, '2019-11-24 05:51:46', '2019-11-24 05:51:46', 6),
(321, 1, 178, '2019-11-24 05:51:46', '2019-11-24 05:51:46', 23),
(322, 0, 748, '2019-11-24 05:51:46', '2019-11-24 05:51:46', 13),
(323, 0, 312, '2019-11-24 05:51:46', '2019-11-24 05:51:46', 6),
(324, 5, 634, '2019-11-24 05:51:46', '2019-11-24 05:51:46', 24),
(325, 4, 284, '2019-11-24 05:51:46', '2019-11-24 05:51:46', 16),
(326, 7, 249, '2019-11-24 05:51:46', '2019-11-24 05:51:46', 3),
(327, 4, 482, '2019-11-24 05:51:46', '2019-11-24 05:51:46', 24),
(328, 6, 890, '2019-11-24 05:51:46', '2019-11-24 05:51:46', 12),
(329, 8, 355, '2019-11-24 05:51:46', '2019-11-24 05:51:46', 6),
(330, 6, 307, '2019-11-24 05:51:46', '2019-11-24 05:51:46', 3),
(331, 5, 160, '2019-11-24 05:51:46', '2019-11-24 05:51:46', 18),
(332, 5, 51, '2019-11-24 05:51:46', '2019-11-24 05:51:46', 11),
(333, 6, 1193, '2019-11-24 05:51:46', '2019-11-24 05:51:46', 29),
(334, 2, 475, '2019-11-24 05:51:46', '2019-11-24 05:51:46', 27),
(335, 0, 778, '2019-11-24 05:51:46', '2019-11-24 05:51:46', 8),
(336, 8, 273, '2019-11-24 05:51:46', '2019-11-24 05:51:46', 15),
(337, 4, 450, '2019-11-24 05:51:46', '2019-11-24 05:51:46', 11),
(338, 6, 485, '2019-11-24 05:51:46', '2019-11-24 05:51:46', 30),
(339, 6, 1147, '2019-11-24 05:51:46', '2019-11-24 05:51:46', 5),
(340, 5, 685, '2019-11-24 05:51:46', '2019-11-24 05:51:46', 11),
(341, 8, 729, '2019-11-24 05:51:46', '2019-11-24 05:51:46', 21),
(342, 0, 845, '2019-11-24 05:51:46', '2019-11-24 05:51:46', 23),
(343, 0, 211, '2019-11-24 05:51:46', '2019-11-24 05:51:46', 8),
(344, 0, 688, '2019-11-24 05:51:46', '2019-11-24 05:51:46', 3),
(345, 1, 256, '2019-11-24 05:51:46', '2019-11-24 05:51:46', 24),
(346, 3, 195, '2019-11-24 05:51:46', '2019-11-24 05:51:46', 4),
(347, 8, 493, '2019-11-24 05:51:46', '2019-11-24 05:51:46', 17),
(348, 6, 985, '2019-11-24 05:51:46', '2019-11-24 05:51:46', 9),
(349, 4, 104, '2019-11-24 05:51:46', '2019-11-24 05:51:46', 16),
(350, 6, 1027, '2019-11-24 05:51:46', '2019-11-24 05:51:46', 17),
(351, 8, 192, '2019-11-24 05:51:46', '2019-11-24 05:51:46', 11),
(352, 9, 352, '2019-11-24 05:51:46', '2019-11-24 05:51:46', 12),
(353, 7, 1125, '2019-11-24 05:51:46', '2019-11-24 05:51:46', 15),
(354, 1, 715, '2019-11-24 05:51:46', '2019-11-24 05:51:46', 26),
(355, 9, 57, '2019-11-24 05:51:46', '2019-11-24 05:51:46', 29),
(356, 6, 314, '2019-11-24 05:51:46', '2019-11-24 05:51:46', 20),
(357, 8, 157, '2019-11-24 05:51:46', '2019-11-24 05:51:46', 14),
(358, 3, 264, '2019-11-24 05:51:46', '2019-11-24 05:51:46', 10),
(359, 4, 341, '2019-11-24 05:51:46', '2019-11-24 05:51:46', 27),
(360, 5, 168, '2019-11-24 05:51:46', '2019-11-24 05:51:46', 27),
(361, 4, 799, '2019-11-24 05:51:46', '2019-11-24 05:51:46', 14),
(362, 5, 462, '2019-11-24 05:51:46', '2019-11-24 05:51:46', 19),
(363, 3, 707, '2019-11-24 05:51:46', '2019-11-24 05:51:46', 13),
(364, 4, 1118, '2019-11-24 05:51:46', '2019-11-24 05:51:46', 10),
(365, 6, 897, '2019-11-24 05:51:46', '2019-11-24 05:51:46', 11),
(366, 9, 1027, '2019-11-24 05:51:46', '2019-11-24 05:51:46', 6),
(367, 4, 704, '2019-11-24 05:51:46', '2019-11-24 05:51:46', 18),
(368, 5, 376, '2019-11-24 05:51:46', '2019-11-24 05:51:46', 11),
(369, 7, 515, '2019-11-24 05:51:46', '2019-11-24 05:51:46', 7),
(370, 6, 10, '2019-11-24 05:51:46', '2019-11-24 05:51:46', 10),
(371, 1, 319, '2019-11-24 05:51:46', '2019-11-24 05:51:46', 6),
(372, 8, 1140, '2019-11-24 05:51:46', '2019-11-24 05:51:46', 29),
(373, 7, 933, '2019-11-24 05:51:46', '2019-11-24 05:51:46', 20),
(374, 1, 581, '2019-11-24 05:51:46', '2019-11-24 05:51:46', 11),
(375, 9, 664, '2019-11-24 05:51:46', '2019-11-24 05:51:46', 14),
(376, 9, 1142, '2019-11-24 05:51:46', '2019-11-24 05:51:46', 22),
(377, 6, 188, '2019-11-24 05:51:46', '2019-11-24 05:51:46', 13),
(378, 0, 1199, '2019-11-24 05:51:46', '2019-11-24 05:51:46', 8),
(379, 4, 409, '2019-11-24 05:51:46', '2019-11-24 05:51:46', 14),
(380, 3, 450, '2019-11-24 05:51:46', '2019-11-24 05:51:46', 4),
(381, 8, 650, '2019-11-24 05:51:46', '2019-11-24 05:51:46', 23),
(382, 8, 20, '2019-11-24 05:51:46', '2019-11-24 05:51:46', 13),
(383, 9, 588, '2019-11-24 05:51:46', '2019-11-24 05:51:46', 8),
(384, 8, 84, '2019-11-24 05:51:46', '2019-11-24 05:51:46', 3),
(385, 8, 453, '2019-11-24 05:51:46', '2019-11-24 05:51:46', 25),
(386, 9, 462, '2019-11-24 05:51:46', '2019-11-24 05:51:46', 30),
(387, 6, 660, '2019-11-24 05:51:46', '2019-11-24 05:51:46', 20),
(388, 0, 696, '2019-11-24 05:51:46', '2019-11-24 05:51:46', 21),
(389, 9, 1111, '2019-11-24 05:51:46', '2019-11-24 05:51:46', 23),
(390, 6, 260, '2019-11-24 05:51:46', '2019-11-24 05:51:46', 14),
(391, 2, 302, '2019-11-24 05:51:46', '2019-11-24 05:51:46', 23),
(392, 2, 919, '2019-11-24 05:51:46', '2019-11-24 05:51:46', 6),
(393, 7, 392, '2019-11-24 05:51:46', '2019-11-24 05:51:46', 22),
(394, 0, 459, '2019-11-24 05:51:46', '2019-11-24 05:51:46', 16),
(395, 5, 373, '2019-11-24 05:51:46', '2019-11-24 05:51:46', 3),
(396, 3, 84, '2019-11-24 05:51:46', '2019-11-24 05:51:46', 30),
(397, 9, 381, '2019-11-24 05:51:46', '2019-11-24 05:51:46', 14),
(398, 1, 805, '2019-11-24 05:51:46', '2019-11-24 05:51:46', 20),
(399, 4, 561, '2019-11-24 05:51:46', '2019-11-24 05:51:46', 13),
(400, 0, 1037, '2019-11-24 05:51:46', '2019-11-24 05:51:46', 6),
(401, 4, 432, '2019-11-24 05:51:46', '2019-11-24 05:51:46', 1),
(402, 0, 1053, '2019-11-24 05:51:46', '2019-11-24 05:51:46', 2),
(403, 9, 628, '2019-11-24 05:51:46', '2019-11-24 05:51:46', 7),
(404, 1, 144, '2019-11-24 05:51:46', '2019-11-24 05:51:46', 9),
(405, 2, 718, '2019-11-24 05:51:46', '2019-11-24 05:51:46', 28),
(406, 5, 1003, '2019-11-24 05:51:46', '2019-11-24 05:51:46', 30),
(407, 2, 640, '2019-11-24 05:51:46', '2019-11-24 05:51:46', 19),
(408, 2, 1129, '2019-11-24 05:51:46', '2019-11-24 05:51:46', 18),
(409, 7, 648, '2019-11-24 05:51:46', '2019-11-24 05:51:46', 7),
(410, 3, 226, '2019-11-24 05:51:46', '2019-11-24 05:51:46', 7),
(411, 6, 1174, '2019-11-24 05:51:46', '2019-11-24 05:51:46', 3),
(412, 6, 1142, '2019-11-24 05:51:46', '2019-11-24 05:51:46', 10),
(413, 6, 1123, '2019-11-24 05:51:46', '2019-11-24 05:51:46', 14),
(414, 1, 898, '2019-11-24 05:51:46', '2019-11-24 05:51:46', 8),
(415, 0, 477, '2019-11-24 05:51:46', '2019-11-24 05:51:46', 11),
(416, 0, 1103, '2019-11-24 05:51:46', '2019-11-24 05:51:46', 13),
(417, 7, 323, '2019-11-24 05:51:46', '2019-11-24 05:51:46', 13),
(418, 0, 160, '2019-11-24 05:51:46', '2019-11-24 05:51:46', 20),
(419, 6, 261, '2019-11-24 05:51:46', '2019-11-24 05:51:46', 19),
(420, 9, 717, '2019-11-24 05:51:46', '2019-11-24 05:51:46', 4),
(421, 1, 720, '2019-11-24 05:51:46', '2019-11-24 05:51:46', 23),
(422, 0, 1183, '2019-11-24 05:51:46', '2019-11-24 05:51:46', 29),
(423, 1, 850, '2019-11-24 05:51:46', '2019-11-24 05:51:46', 30),
(424, 4, 735, '2019-11-24 05:51:46', '2019-11-24 05:51:46', 12),
(425, 2, 252, '2019-11-24 05:51:46', '2019-11-24 05:51:46', 24),
(426, 4, 152, '2019-11-24 05:51:46', '2019-11-24 05:51:46', 18),
(427, 4, 103, '2019-11-24 05:51:46', '2019-11-24 05:51:46', 27),
(428, 8, 400, '2019-11-24 05:51:46', '2019-11-24 05:51:46', 25),
(429, 5, 48, '2019-11-24 05:51:46', '2019-11-24 05:51:46', 8),
(430, 9, 334, '2019-11-24 05:51:46', '2019-11-24 05:51:46', 14),
(431, 7, 919, '2019-11-24 05:51:46', '2019-11-24 05:51:46', 7),
(432, 4, 1053, '2019-11-24 05:51:46', '2019-11-24 05:51:46', 13),
(433, 1, 143, '2019-11-24 05:51:46', '2019-11-24 05:51:46', 1),
(434, 8, 948, '2019-11-24 05:51:46', '2019-11-24 05:51:46', 12),
(435, 4, 573, '2019-11-24 05:51:46', '2019-11-24 05:51:46', 6),
(436, 9, 739, '2019-11-24 05:51:46', '2019-11-24 05:51:46', 20),
(437, 8, 640, '2019-11-24 05:51:46', '2019-11-24 05:51:46', 30),
(438, 8, 885, '2019-11-24 05:51:46', '2019-11-24 05:51:46', 5),
(439, 8, 482, '2019-11-24 05:51:46', '2019-11-24 05:51:46', 6),
(440, 0, 613, '2019-11-24 05:51:46', '2019-11-24 05:51:46', 27),
(441, 6, 279, '2019-11-24 05:51:46', '2019-11-24 05:51:46', 5),
(442, 9, 180, '2019-11-24 05:51:46', '2019-11-24 05:51:46', 24),
(443, 6, 852, '2019-11-24 05:51:46', '2019-11-24 05:51:46', 15),
(444, 3, 277, '2019-11-24 05:51:46', '2019-11-24 05:51:46', 18),
(445, 1, 689, '2019-11-24 05:51:46', '2019-11-24 05:51:46', 5),
(446, 3, 733, '2019-11-24 05:51:46', '2019-11-24 05:51:46', 28),
(447, 1, 547, '2019-11-24 05:51:46', '2019-11-24 05:51:46', 17),
(448, 7, 348, '2019-11-24 05:51:46', '2019-11-24 05:51:46', 22),
(449, 3, 578, '2019-11-24 05:51:46', '2019-11-24 05:51:46', 4),
(450, 4, 336, '2019-11-24 05:51:46', '2019-11-24 05:51:46', 2),
(451, 2, 451, '2019-11-24 05:51:46', '2019-11-24 05:51:46', 18),
(452, 3, 723, '2019-11-24 05:51:46', '2019-11-24 05:51:46', 17),
(453, 4, 84, '2019-11-24 05:51:46', '2019-11-24 05:51:46', 27),
(454, 4, 880, '2019-11-24 05:51:46', '2019-11-24 05:51:46', 10),
(455, 7, 645, '2019-11-24 05:51:46', '2019-11-24 05:51:46', 22),
(456, 7, 536, '2019-11-24 05:51:46', '2019-11-24 05:51:46', 7),
(457, 1, 874, '2019-11-24 05:51:46', '2019-11-24 05:51:46', 27),
(458, 0, 380, '2019-11-24 05:51:46', '2019-11-24 05:51:46', 30),
(459, 7, 953, '2019-11-24 05:51:46', '2019-11-24 05:51:46', 26),
(460, 8, 178, '2019-11-24 05:51:46', '2019-11-24 05:51:46', 24),
(461, 0, 162, '2019-11-24 05:51:46', '2019-11-24 05:51:46', 26),
(462, 0, 909, '2019-11-24 05:51:46', '2019-11-24 05:51:46', 30),
(463, 5, 770, '2019-11-24 05:51:46', '2019-11-24 05:51:46', 11),
(464, 1, 1160, '2019-11-24 05:51:46', '2019-11-24 05:51:46', 10),
(465, 4, 709, '2019-11-24 05:51:46', '2019-11-24 05:51:46', 29),
(466, 2, 293, '2019-11-24 05:51:46', '2019-11-24 05:51:46', 19),
(467, 7, 528, '2019-11-24 05:51:46', '2019-11-24 05:51:46', 18),
(468, 9, 793, '2019-11-24 05:51:46', '2019-11-24 05:51:46', 30),
(469, 8, 320, '2019-11-24 05:51:46', '2019-11-24 05:51:46', 30),
(470, 9, 138, '2019-11-24 05:51:46', '2019-11-24 05:51:46', 10),
(471, 2, 262, '2019-11-24 05:51:46', '2019-11-24 05:51:46', 13),
(472, 8, 151, '2019-11-24 05:51:46', '2019-11-24 05:51:46', 11),
(473, 4, 49, '2019-11-24 05:51:46', '2019-11-24 05:51:46', 5),
(474, 2, 1107, '2019-11-24 05:51:46', '2019-11-24 05:51:46', 26),
(475, 6, 514, '2019-11-24 05:51:46', '2019-11-24 05:51:46', 27),
(476, 6, 113, '2019-11-24 05:51:46', '2019-11-24 05:51:46', 6),
(477, 7, 98, '2019-11-24 05:51:46', '2019-11-24 05:51:46', 23),
(478, 0, 246, '2019-11-24 05:51:46', '2019-11-24 05:51:46', 4),
(479, 2, 438, '2019-11-24 05:51:46', '2019-11-24 05:51:46', 16),
(480, 8, 860, '2019-11-24 05:51:46', '2019-11-24 05:51:46', 1),
(481, 8, 101, '2019-11-24 05:51:46', '2019-11-24 05:51:46', 28),
(482, 1, 648, '2019-11-24 05:51:46', '2019-11-24 05:51:46', 6),
(483, 3, 1139, '2019-11-24 05:51:46', '2019-11-24 05:51:46', 29),
(484, 8, 890, '2019-11-24 05:51:46', '2019-11-24 05:51:46', 30),
(485, 2, 960, '2019-11-24 05:51:46', '2019-11-24 05:51:46', 27),
(486, 4, 774, '2019-11-24 05:51:46', '2019-11-24 05:51:46', 3),
(487, 1, 147, '2019-11-24 05:51:46', '2019-11-24 05:51:46', 5),
(488, 2, 41, '2019-11-24 05:51:46', '2019-11-24 05:51:46', 21),
(489, 8, 461, '2019-11-24 05:51:46', '2019-11-24 05:51:46', 24),
(490, 2, 92, '2019-11-24 05:51:46', '2019-11-24 05:51:46', 1),
(491, 7, 978, '2019-11-24 05:51:46', '2019-11-24 05:51:46', 24),
(492, 9, 381, '2019-11-24 05:51:46', '2019-11-24 05:51:46', 1),
(493, 6, 820, '2019-11-24 05:51:46', '2019-11-24 05:51:46', 21),
(494, 1, 140, '2019-11-24 05:51:46', '2019-11-24 05:51:46', 11),
(495, 1, 751, '2019-11-24 05:51:46', '2019-11-24 05:51:46', 9),
(496, 9, 113, '2019-11-24 05:51:46', '2019-11-24 05:51:46', 17),
(497, 5, 280, '2019-11-24 05:51:46', '2019-11-24 05:51:46', 18),
(498, 6, 718, '2019-11-24 05:51:46', '2019-11-24 05:51:46', 26),
(499, 2, 42, '2019-11-24 05:51:46', '2019-11-24 05:51:46', 9),
(500, 4, 1007, '2019-11-24 05:51:46', '2019-11-24 05:51:46', 22),
(501, 7, 988, '2019-11-24 05:51:46', '2019-11-24 05:51:46', 18),
(502, 3, 495, '2019-11-24 05:51:46', '2019-11-24 05:51:46', 10),
(503, 5, 1132, '2019-11-24 05:51:46', '2019-11-24 05:51:46', 2),
(504, 4, 578, '2019-11-24 05:51:46', '2019-11-24 05:51:46', 24),
(505, 0, 579, '2019-11-24 05:51:46', '2019-11-24 05:51:46', 25),
(506, 1, 79, '2019-11-24 05:51:46', '2019-11-24 05:51:46', 16),
(507, 8, 530, '2019-11-24 05:51:46', '2019-11-24 05:51:46', 2),
(508, 8, 320, '2019-11-24 05:51:46', '2019-11-24 05:51:46', 12),
(509, 2, 512, '2019-11-24 05:51:46', '2019-11-24 05:51:46', 12),
(510, 2, 86, '2019-11-24 05:51:46', '2019-11-24 05:51:46', 25),
(511, 9, 314, '2019-11-24 05:51:46', '2019-11-24 05:51:46', 14),
(512, 8, 864, '2019-11-24 05:51:46', '2019-11-24 05:51:46', 29),
(513, 5, 536, '2019-11-24 05:51:46', '2019-11-24 05:51:46', 12),
(514, 9, 9, '2019-11-24 05:51:46', '2019-11-24 05:51:46', 4),
(515, 8, 437, '2019-11-24 05:51:46', '2019-11-24 05:51:46', 28),
(516, 6, 100, '2019-11-24 05:51:46', '2019-11-24 05:51:46', 17),
(517, 6, 806, '2019-11-24 05:51:46', '2019-11-24 05:51:46', 13),
(518, 0, 1152, '2019-11-24 05:51:46', '2019-11-24 05:51:46', 10),
(519, 0, 1003, '2019-11-24 05:51:46', '2019-11-24 05:51:46', 7),
(520, 5, 1118, '2019-11-24 05:51:46', '2019-11-24 05:51:46', 11),
(521, 3, 714, '2019-11-24 05:51:46', '2019-11-24 05:51:46', 7),
(522, 3, 531, '2019-11-24 05:51:46', '2019-11-24 05:51:46', 27),
(523, 2, 973, '2019-11-24 05:51:46', '2019-11-24 05:51:46', 21),
(524, 8, 658, '2019-11-24 05:51:46', '2019-11-24 05:51:46', 13),
(525, 9, 1190, '2019-11-24 05:51:46', '2019-11-24 05:51:46', 27),
(526, 8, 548, '2019-11-24 05:51:46', '2019-11-24 05:51:46', 21),
(527, 8, 195, '2019-11-24 05:51:46', '2019-11-24 05:51:46', 6),
(528, 1, 1195, '2019-11-24 05:51:46', '2019-11-24 05:51:46', 24),
(529, 2, 302, '2019-11-24 05:51:46', '2019-11-24 05:51:46', 28),
(530, 2, 517, '2019-11-24 05:51:46', '2019-11-24 05:51:46', 16),
(531, 5, 600, '2019-11-24 05:51:46', '2019-11-24 05:51:46', 19),
(532, 7, 1156, '2019-11-24 05:51:46', '2019-11-24 05:51:46', 11),
(533, 1, 593, '2019-11-24 05:51:46', '2019-11-24 05:51:46', 25),
(534, 8, 524, '2019-11-24 05:51:46', '2019-11-24 05:51:46', 7),
(535, 0, 1134, '2019-11-24 05:51:46', '2019-11-24 05:51:46', 2),
(536, 8, 813, '2019-11-24 05:51:46', '2019-11-24 05:51:46', 25),
(537, 7, 156, '2019-11-24 05:51:46', '2019-11-24 05:51:46', 13),
(538, 6, 1067, '2019-11-24 05:51:46', '2019-11-24 05:51:46', 4),
(539, 4, 919, '2019-11-24 05:51:46', '2019-11-24 05:51:46', 28),
(540, 2, 1122, '2019-11-24 05:51:46', '2019-11-24 05:51:46', 30),
(541, 0, 1113, '2019-11-24 05:51:46', '2019-11-24 05:51:46', 12),
(542, 7, 1100, '2019-11-24 05:51:46', '2019-11-24 05:51:46', 11),
(543, 7, 298, '2019-11-24 05:51:46', '2019-11-24 05:51:46', 13),
(544, 9, 690, '2019-11-24 05:51:46', '2019-11-24 05:51:46', 23),
(545, 4, 112, '2019-11-24 05:51:46', '2019-11-24 05:51:46', 14),
(546, 6, 382, '2019-11-24 05:51:46', '2019-11-24 05:51:46', 4),
(547, 6, 238, '2019-11-24 05:51:46', '2019-11-24 05:51:46', 25),
(548, 9, 385, '2019-11-24 05:51:46', '2019-11-24 05:51:46', 29),
(549, 7, 270, '2019-11-24 05:51:46', '2019-11-24 05:51:46', 15),
(550, 1, 415, '2019-11-24 05:51:46', '2019-11-24 05:51:46', 13),
(551, 2, 612, '2019-11-24 05:51:46', '2019-11-24 05:51:46', 26),
(552, 5, 418, '2019-11-24 05:51:46', '2019-11-24 05:51:46', 13),
(553, 7, 853, '2019-11-24 05:51:46', '2019-11-24 05:51:46', 9),
(554, 9, 974, '2019-11-24 05:51:46', '2019-11-24 05:51:46', 25),
(555, 9, 360, '2019-11-24 05:51:46', '2019-11-24 05:51:46', 29),
(556, 6, 481, '2019-11-24 05:51:46', '2019-11-24 05:51:46', 30),
(557, 3, 1093, '2019-11-24 05:51:46', '2019-11-24 05:51:46', 14),
(558, 7, 67, '2019-11-24 05:51:46', '2019-11-24 05:51:46', 7),
(559, 9, 1099, '2019-11-24 05:51:46', '2019-11-24 05:51:46', 16),
(560, 0, 108, '2019-11-24 05:51:46', '2019-11-24 05:51:46', 8),
(561, 1, 103, '2019-11-24 05:51:46', '2019-11-24 05:51:46', 12),
(562, 8, 731, '2019-11-24 05:51:46', '2019-11-24 05:51:46', 20),
(563, 9, 1001, '2019-11-24 05:51:46', '2019-11-24 05:51:46', 2),
(564, 0, 969, '2019-11-24 05:51:46', '2019-11-24 05:51:46', 26),
(565, 3, 819, '2019-11-24 05:51:46', '2019-11-24 05:51:46', 12),
(566, 1, 478, '2019-11-24 05:51:46', '2019-11-24 05:51:46', 7),
(567, 2, 301, '2019-11-24 05:51:46', '2019-11-24 05:51:46', 2),
(568, 2, 1158, '2019-11-24 05:51:46', '2019-11-24 05:51:46', 6),
(569, 1, 920, '2019-11-24 05:51:46', '2019-11-24 05:51:46', 4),
(570, 5, 330, '2019-11-24 05:51:46', '2019-11-24 05:51:46', 13),
(571, 9, 545, '2019-11-24 05:51:46', '2019-11-24 05:51:46', 17),
(572, 5, 456, '2019-11-24 05:51:46', '2019-11-24 05:51:46', 8),
(573, 7, 661, '2019-11-24 05:51:46', '2019-11-24 05:51:46', 22),
(574, 6, 1061, '2019-11-24 05:51:46', '2019-11-24 05:51:46', 6),
(575, 9, 414, '2019-11-24 05:51:46', '2019-11-24 05:51:46', 14),
(576, 9, 649, '2019-11-24 05:51:46', '2019-11-24 05:51:46', 5),
(577, 4, 350, '2019-11-24 05:51:46', '2019-11-24 05:51:46', 11),
(578, 4, 772, '2019-11-24 05:51:46', '2019-11-24 05:51:46', 19),
(579, 6, 823, '2019-11-24 05:51:46', '2019-11-24 05:51:46', 7),
(580, 8, 907, '2019-11-24 05:51:46', '2019-11-24 05:51:46', 19),
(581, 7, 702, '2019-11-24 05:51:46', '2019-11-24 05:51:46', 8),
(582, 1, 1011, '2019-11-24 05:51:46', '2019-11-24 05:51:46', 12),
(583, 8, 300, '2019-11-24 05:51:46', '2019-11-24 05:51:46', 19),
(584, 0, 1136, '2019-11-24 05:51:46', '2019-11-24 05:51:46', 13),
(585, 4, 1124, '2019-11-24 05:51:46', '2019-11-24 05:51:46', 8),
(586, 9, 631, '2019-11-24 05:51:46', '2019-11-24 05:51:46', 23),
(587, 1, 607, '2019-11-24 05:51:46', '2019-11-24 05:51:46', 24),
(588, 6, 853, '2019-11-24 05:51:46', '2019-11-24 05:51:46', 1),
(589, 2, 1089, '2019-11-24 05:51:46', '2019-11-24 05:51:46', 8),
(590, 0, 333, '2019-11-24 05:51:46', '2019-11-24 05:51:46', 10),
(591, 1, 1030, '2019-11-24 05:51:46', '2019-11-24 05:51:46', 6),
(592, 5, 825, '2019-11-24 05:51:46', '2019-11-24 05:51:46', 19),
(593, 4, 572, '2019-11-24 05:51:46', '2019-11-24 05:51:46', 25),
(594, 3, 917, '2019-11-24 05:51:46', '2019-11-24 05:51:46', 19),
(595, 0, 641, '2019-11-24 05:51:46', '2019-11-24 05:51:46', 22),
(596, 5, 553, '2019-11-24 05:51:46', '2019-11-24 05:51:46', 29),
(597, 3, 717, '2019-11-24 05:51:46', '2019-11-24 05:51:46', 15),
(598, 7, 1173, '2019-11-24 05:51:46', '2019-11-24 05:51:46', 1),
(599, 5, 560, '2019-11-24 05:51:46', '2019-11-24 05:51:46', 22),
(600, 4, 157, '2019-11-24 05:51:46', '2019-11-24 05:51:46', 30),
(601, 1, 479, '2019-11-24 05:51:46', '2019-11-24 05:51:46', 26),
(602, 2, 57, '2019-11-24 05:51:46', '2019-11-24 05:51:46', 5),
(603, 6, 168, '2019-11-24 05:51:46', '2019-11-24 05:51:46', 10),
(604, 7, 731, '2019-11-24 05:51:46', '2019-11-24 05:51:46', 20),
(605, 4, 94, '2019-11-24 05:51:46', '2019-11-24 05:51:46', 9),
(606, 8, 428, '2019-11-24 05:51:46', '2019-11-24 05:51:46', 23),
(607, 1, 613, '2019-11-24 05:51:46', '2019-11-24 05:51:46', 22),
(608, 3, 762, '2019-11-24 05:51:46', '2019-11-24 05:51:46', 5),
(609, 3, 502, '2019-11-24 05:51:46', '2019-11-24 05:51:46', 18),
(610, 9, 646, '2019-11-24 05:51:46', '2019-11-24 05:51:46', 28),
(611, 6, 1096, '2019-11-24 05:51:46', '2019-11-24 05:51:46', 10),
(612, 5, 585, '2019-11-24 05:51:46', '2019-11-24 05:51:46', 23),
(613, 5, 643, '2019-11-24 05:51:46', '2019-11-24 05:51:46', 3),
(614, 6, 736, '2019-11-24 05:51:46', '2019-11-24 05:51:46', 4),
(615, 4, 28, '2019-11-24 05:51:46', '2019-11-24 05:51:46', 23),
(616, 2, 125, '2019-11-24 05:51:46', '2019-11-24 05:51:46', 1),
(617, 0, 742, '2019-11-24 05:51:46', '2019-11-24 05:51:46', 1),
(618, 6, 1009, '2019-11-24 05:51:46', '2019-11-24 05:51:46', 28),
(619, 6, 53, '2019-11-24 05:51:46', '2019-11-24 05:51:46', 25),
(620, 2, 744, '2019-11-24 05:51:46', '2019-11-24 05:51:46', 24),
(621, 6, 386, '2019-11-24 05:51:46', '2019-11-24 05:51:46', 12),
(622, 0, 1101, '2019-11-24 05:51:46', '2019-11-24 05:51:46', 5),
(623, 0, 1087, '2019-11-24 05:51:46', '2019-11-24 05:51:46', 2),
(624, 7, 823, '2019-11-24 05:51:46', '2019-11-24 05:51:46', 5),
(625, 2, 419, '2019-11-24 05:51:46', '2019-11-24 05:51:46', 18),
(626, 7, 356, '2019-11-24 05:51:46', '2019-11-24 05:51:46', 9),
(627, 4, 850, '2019-11-24 05:51:46', '2019-11-24 05:51:46', 10),
(628, 5, 1173, '2019-11-24 05:51:46', '2019-11-24 05:51:46', 25),
(629, 5, 568, '2019-11-24 05:51:46', '2019-11-24 05:51:46', 30),
(630, 6, 822, '2019-11-24 05:51:46', '2019-11-24 05:51:46', 26),
(631, 2, 164, '2019-11-24 05:51:46', '2019-11-24 05:51:46', 25),
(632, 1, 969, '2019-11-24 05:51:46', '2019-11-24 05:51:46', 21),
(633, 8, 423, '2019-11-24 05:51:46', '2019-11-24 05:51:46', 17),
(634, 2, 421, '2019-11-24 05:51:46', '2019-11-24 05:51:46', 1),
(635, 6, 132, '2019-11-24 05:51:46', '2019-11-24 05:51:46', 21),
(636, 2, 106, '2019-11-24 05:51:46', '2019-11-24 05:51:46', 25),
(637, 1, 781, '2019-11-24 05:51:46', '2019-11-24 05:51:46', 17),
(638, 7, 776, '2019-11-24 05:51:46', '2019-11-24 05:51:46', 14),
(639, 2, 835, '2019-11-24 05:51:46', '2019-11-24 05:51:46', 20),
(640, 9, 303, '2019-11-24 05:51:46', '2019-11-24 05:51:46', 12),
(641, 9, 1128, '2019-11-24 05:51:46', '2019-11-24 05:51:46', 4),
(642, 4, 153, '2019-11-24 05:51:46', '2019-11-24 05:51:46', 2),
(643, 2, 261, '2019-11-24 05:51:46', '2019-11-24 05:51:46', 19),
(644, 5, 448, '2019-11-24 05:51:46', '2019-11-24 05:51:46', 26),
(645, 8, 316, '2019-11-24 05:51:46', '2019-11-24 05:51:46', 2),
(646, 9, 720, '2019-11-24 05:51:46', '2019-11-24 05:51:46', 9),
(647, 0, 1083, '2019-11-24 05:51:46', '2019-11-24 05:51:46', 21),
(648, 9, 1061, '2019-11-24 05:51:46', '2019-11-24 05:51:46', 10),
(649, 4, 1170, '2019-11-24 05:51:46', '2019-11-24 05:51:46', 5),
(650, 0, 691, '2019-11-24 05:51:46', '2019-11-24 05:51:46', 4),
(651, 7, 1062, '2019-11-24 05:51:46', '2019-11-24 05:51:46', 21),
(652, 9, 1020, '2019-11-24 05:51:46', '2019-11-24 05:51:46', 25),
(653, 6, 1196, '2019-11-24 05:51:46', '2019-11-24 05:51:46', 28),
(654, 8, 765, '2019-11-24 05:51:46', '2019-11-24 05:51:46', 11),
(655, 8, 727, '2019-11-24 05:51:46', '2019-11-24 05:51:46', 28),
(656, 8, 967, '2019-11-24 05:51:46', '2019-11-24 05:51:46', 16),
(657, 8, 225, '2019-11-24 05:51:46', '2019-11-24 05:51:46', 21),
(658, 7, 1111, '2019-11-24 05:51:46', '2019-11-24 05:51:46', 20),
(659, 0, 498, '2019-11-24 05:51:46', '2019-11-24 05:51:46', 28),
(660, 0, 893, '2019-11-24 05:51:46', '2019-11-24 05:51:46', 20),
(661, 3, 1152, '2019-11-24 05:51:46', '2019-11-24 05:51:46', 11),
(662, 5, 1123, '2019-11-24 05:51:46', '2019-11-24 05:51:46', 17),
(663, 9, 756, '2019-11-24 05:51:46', '2019-11-24 05:51:46', 15),
(664, 6, 37, '2019-11-24 05:51:46', '2019-11-24 05:51:46', 19),
(665, 2, 210, '2019-11-24 05:51:46', '2019-11-24 05:51:46', 25),
(666, 0, 910, '2019-11-24 05:51:46', '2019-11-24 05:51:46', 15),
(667, 0, 895, '2019-11-24 05:51:46', '2019-11-24 05:51:46', 14),
(668, 4, 921, '2019-11-24 05:51:46', '2019-11-24 05:51:46', 23),
(669, 1, 646, '2019-11-24 05:51:46', '2019-11-24 05:51:46', 21),
(670, 8, 647, '2019-11-24 05:51:46', '2019-11-24 05:51:46', 20),
(671, 2, 839, '2019-11-24 05:51:46', '2019-11-24 05:51:46', 11),
(672, 1, 1107, '2019-11-24 05:51:46', '2019-11-24 05:51:46', 9),
(673, 2, 541, '2019-11-24 05:51:46', '2019-11-24 05:51:46', 25),
(674, 0, 949, '2019-11-24 05:51:46', '2019-11-24 05:51:46', 18),
(675, 0, 1169, '2019-11-24 05:51:46', '2019-11-24 05:51:46', 3),
(676, 3, 123, '2019-11-24 05:51:46', '2019-11-24 05:51:46', 20),
(677, 8, 983, '2019-11-24 05:51:46', '2019-11-24 05:51:46', 15),
(678, 3, 740, '2019-11-24 05:51:46', '2019-11-24 05:51:46', 28),
(679, 0, 515, '2019-11-24 05:51:46', '2019-11-24 05:51:46', 12),
(680, 1, 684, '2019-11-24 05:51:46', '2019-11-24 05:51:46', 18),
(681, 9, 988, '2019-11-24 05:51:46', '2019-11-24 05:51:46', 14),
(682, 2, 400, '2019-11-24 05:51:46', '2019-11-24 05:51:46', 4),
(683, 9, 340, '2019-11-24 05:51:46', '2019-11-24 05:51:46', 18),
(684, 0, 674, '2019-11-24 05:51:46', '2019-11-24 05:51:46', 27),
(685, 4, 349, '2019-11-24 05:51:46', '2019-11-24 05:51:46', 21),
(686, 2, 332, '2019-11-24 05:51:46', '2019-11-24 05:51:46', 7),
(687, 1, 546, '2019-11-24 05:51:46', '2019-11-24 05:51:46', 12),
(688, 3, 364, '2019-11-24 05:51:46', '2019-11-24 05:51:46', 23),
(689, 6, 881, '2019-11-24 05:51:46', '2019-11-24 05:51:46', 25),
(690, 5, 411, '2019-11-24 05:51:46', '2019-11-24 05:51:46', 19),
(691, 6, 1088, '2019-11-24 05:51:46', '2019-11-24 05:51:46', 1),
(692, 8, 259, '2019-11-24 05:51:46', '2019-11-24 05:51:46', 18),
(693, 5, 710, '2019-11-24 05:51:46', '2019-11-24 05:51:46', 11),
(694, 1, 871, '2019-11-24 05:51:46', '2019-11-24 05:51:46', 5),
(695, 5, 858, '2019-11-24 05:51:46', '2019-11-24 05:51:46', 25),
(696, 0, 154, '2019-11-24 05:51:46', '2019-11-24 05:51:46', 17),
(697, 8, 676, '2019-11-24 05:51:46', '2019-11-24 05:51:46', 13),
(698, 8, 129, '2019-11-24 05:51:46', '2019-11-24 05:51:46', 18),
(699, 5, 885, '2019-11-24 05:51:46', '2019-11-24 05:51:46', 23),
(700, 5, 1180, '2019-11-24 05:51:46', '2019-11-24 05:51:46', 6),
(701, 8, 193, '2019-11-24 05:51:46', '2019-11-24 05:51:46', 7),
(702, 8, 756, '2019-11-24 05:51:46', '2019-11-24 05:51:46', 5),
(703, 6, 987, '2019-11-24 05:51:46', '2019-11-24 05:51:46', 15),
(704, 6, 446, '2019-11-24 05:51:46', '2019-11-24 05:51:46', 4),
(705, 5, 275, '2019-11-24 05:51:46', '2019-11-24 05:51:46', 9),
(706, 7, 844, '2019-11-24 05:51:46', '2019-11-24 05:51:46', 7),
(707, 4, 1084, '2019-11-24 05:51:46', '2019-11-24 05:51:46', 21),
(708, 4, 104, '2019-11-24 05:51:46', '2019-11-24 05:51:46', 20),
(709, 4, 457, '2019-11-24 05:51:46', '2019-11-24 05:51:46', 12),
(710, 8, 771, '2019-11-24 05:51:46', '2019-11-24 05:51:46', 5),
(711, 4, 405, '2019-11-24 05:51:46', '2019-11-24 05:51:46', 9),
(712, 0, 651, '2019-11-24 05:51:46', '2019-11-24 05:51:46', 26),
(713, 2, 755, '2019-11-24 05:51:46', '2019-11-24 05:51:46', 30),
(714, 6, 990, '2019-11-24 05:51:46', '2019-11-24 05:51:46', 22),
(715, 5, 1179, '2019-11-24 05:51:46', '2019-11-24 05:51:46', 8),
(716, 5, 406, '2019-11-24 05:51:46', '2019-11-24 05:51:46', 1),
(717, 7, 225, '2019-11-24 05:51:46', '2019-11-24 05:51:46', 27),
(718, 3, 449, '2019-11-24 05:51:46', '2019-11-24 05:51:46', 14),
(719, 3, 605, '2019-11-24 05:51:46', '2019-11-24 05:51:46', 1),
(720, 8, 1065, '2019-11-24 05:51:46', '2019-11-24 05:51:46', 6),
(721, 0, 639, '2019-11-24 05:51:46', '2019-11-24 05:51:46', 1),
(722, 1, 1144, '2019-11-24 05:51:46', '2019-11-24 05:51:46', 6),
(723, 3, 601, '2019-11-24 05:51:46', '2019-11-24 05:51:46', 4),
(724, 4, 163, '2019-11-24 05:51:46', '2019-11-24 05:51:46', 5),
(725, 9, 189, '2019-11-24 05:51:46', '2019-11-24 05:51:46', 12),
(726, 1, 1195, '2019-11-24 05:51:46', '2019-11-24 05:51:46', 10),
(727, 6, 389, '2019-11-24 05:51:46', '2019-11-24 05:51:46', 24),
(728, 0, 180, '2019-11-24 05:51:46', '2019-11-24 05:51:46', 7),
(729, 1, 165, '2019-11-24 05:51:46', '2019-11-24 05:51:46', 18),
(730, 7, 113, '2019-11-24 05:51:46', '2019-11-24 05:51:46', 20),
(731, 7, 308, '2019-11-24 05:51:46', '2019-11-24 05:51:46', 18),
(732, 4, 198, '2019-11-24 05:51:46', '2019-11-24 05:51:46', 17),
(733, 4, 393, '2019-11-24 05:51:46', '2019-11-24 05:51:46', 25),
(734, 2, 595, '2019-11-24 05:51:46', '2019-11-24 05:51:46', 7),
(735, 7, 1085, '2019-11-24 05:51:46', '2019-11-24 05:51:46', 28),
(736, 3, 288, '2019-11-24 05:51:46', '2019-11-24 05:51:46', 21),
(737, 4, 1167, '2019-11-24 05:51:46', '2019-11-24 05:51:46', 12),
(738, 6, 1155, '2019-11-24 05:51:46', '2019-11-24 05:51:46', 13),
(739, 6, 1030, '2019-11-24 05:51:46', '2019-11-24 05:51:46', 25),
(740, 0, 100, '2019-11-24 05:51:46', '2019-11-24 05:51:46', 23),
(741, 0, 742, '2019-11-24 05:51:46', '2019-11-24 05:51:46', 10),
(742, 2, 626, '2019-11-24 05:51:46', '2019-11-24 05:51:46', 27),
(743, 5, 762, '2019-11-24 05:51:46', '2019-11-24 05:51:46', 13),
(744, 6, 1193, '2019-11-24 05:51:46', '2019-11-24 05:51:46', 21),
(745, 2, 614, '2019-11-24 05:51:46', '2019-11-24 05:51:46', 15),
(746, 7, 289, '2019-11-24 05:51:46', '2019-11-24 05:51:46', 24),
(747, 9, 384, '2019-11-24 05:51:46', '2019-11-24 05:51:46', 1),
(748, 2, 1089, '2019-11-24 05:51:46', '2019-11-24 05:51:46', 17),
(749, 3, 138, '2019-11-24 05:51:46', '2019-11-24 05:51:46', 25),
(750, 4, 299, '2019-11-24 05:51:46', '2019-11-24 05:51:46', 20),
(751, 9, 808, '2019-11-24 05:51:46', '2019-11-24 05:51:46', 9),
(752, 6, 1175, '2019-11-24 05:51:46', '2019-11-24 05:51:46', 11),
(753, 8, 326, '2019-11-24 05:51:46', '2019-11-24 05:51:46', 3),
(754, 2, 335, '2019-11-24 05:51:46', '2019-11-24 05:51:46', 11),
(755, 0, 741, '2019-11-24 05:51:46', '2019-11-24 05:51:46', 22),
(756, 3, 371, '2019-11-24 05:51:46', '2019-11-24 05:51:46', 20),
(757, 5, 131, '2019-11-24 05:51:46', '2019-11-24 05:51:46', 7),
(758, 4, 964, '2019-11-24 05:51:46', '2019-11-24 05:51:46', 26),
(759, 3, 616, '2019-11-24 05:51:46', '2019-11-24 05:51:46', 3),
(760, 3, 1162, '2019-11-24 05:51:46', '2019-11-24 05:51:46', 25),
(761, 5, 602, '2019-11-24 05:51:46', '2019-11-24 05:51:46', 11),
(762, 0, 164, '2019-11-24 05:51:46', '2019-11-24 05:51:46', 21),
(763, 4, 98, '2019-11-24 05:51:46', '2019-11-24 05:51:46', 2),
(764, 1, 1164, '2019-11-24 05:51:46', '2019-11-24 05:51:46', 29),
(765, 7, 481, '2019-11-24 05:51:46', '2019-11-24 05:51:46', 30),
(766, 5, 1050, '2019-11-24 05:51:46', '2019-11-24 05:51:46', 15),
(767, 5, 938, '2019-11-24 05:51:46', '2019-11-24 05:51:46', 18),
(768, 8, 1113, '2019-11-24 05:51:46', '2019-11-24 05:51:46', 10),
(769, 1, 11, '2019-11-24 05:51:46', '2019-11-24 05:51:46', 1),
(770, 6, 602, '2019-11-24 05:51:46', '2019-11-24 05:51:46', 10),
(771, 7, 655, '2019-11-24 05:51:46', '2019-11-24 05:51:46', 7),
(772, 6, 228, '2019-11-24 05:51:46', '2019-11-24 05:51:46', 28),
(773, 6, 53, '2019-11-24 05:51:46', '2019-11-24 05:51:46', 22),
(774, 8, 763, '2019-11-24 05:51:46', '2019-11-24 05:51:46', 27),
(775, 6, 480, '2019-11-24 05:51:46', '2019-11-24 05:51:46', 29),
(776, 1, 222, '2019-11-24 05:51:46', '2019-11-24 05:51:46', 3),
(777, 5, 391, '2019-11-24 05:51:46', '2019-11-24 05:51:46', 19),
(778, 4, 364, '2019-11-24 05:51:46', '2019-11-24 05:51:46', 22),
(779, 1, 642, '2019-11-24 05:51:46', '2019-11-24 05:51:46', 11),
(780, 1, 922, '2019-11-24 05:51:46', '2019-11-24 05:51:46', 22),
(781, 5, 761, '2019-11-24 05:51:46', '2019-11-24 05:51:46', 7),
(782, 9, 790, '2019-11-24 05:51:46', '2019-11-24 05:51:46', 16),
(783, 2, 900, '2019-11-24 05:51:46', '2019-11-24 05:51:46', 30),
(784, 1, 837, '2019-11-24 05:51:46', '2019-11-24 05:51:46', 15),
(785, 8, 670, '2019-11-24 05:51:46', '2019-11-24 05:51:46', 26),
(786, 0, 855, '2019-11-24 05:51:46', '2019-11-24 05:51:46', 8),
(787, 6, 681, '2019-11-24 05:51:46', '2019-11-24 05:51:46', 12),
(788, 6, 1172, '2019-11-24 05:51:46', '2019-11-24 05:51:46', 10),
(789, 7, 1191, '2019-11-24 05:51:46', '2019-11-24 05:51:46', 13),
(790, 1, 909, '2019-11-24 05:51:46', '2019-11-24 05:51:46', 29),
(791, 6, 400, '2019-11-24 05:51:46', '2019-11-24 05:51:46', 5),
(792, 4, 1011, '2019-11-24 05:51:46', '2019-11-24 05:51:46', 17),
(793, 1, 23, '2019-11-24 05:51:46', '2019-11-24 05:51:46', 9),
(794, 0, 307, '2019-11-24 05:51:46', '2019-11-24 05:51:46', 20),
(795, 8, 801, '2019-11-24 05:51:46', '2019-11-24 05:51:46', 3),
(796, 8, 961, '2019-11-24 05:51:46', '2019-11-24 05:51:46', 26);
INSERT INTO `order_details` (`id`, `quantity`, `order_id`, `created_at`, `updated_at`, `stock_id`) VALUES
(797, 1, 822, '2019-11-24 05:51:46', '2019-11-24 05:51:46', 23),
(798, 5, 389, '2019-11-24 05:51:46', '2019-11-24 05:51:46', 15),
(799, 0, 1194, '2019-11-24 05:51:46', '2019-11-24 05:51:46', 26),
(800, 9, 558, '2019-11-24 05:51:46', '2019-11-24 05:51:46', 26),
(801, 2, 399, '2019-11-24 05:51:46', '2019-11-24 05:51:46', 13),
(802, 0, 987, '2019-11-24 05:51:46', '2019-11-24 05:51:46', 20),
(803, 6, 1150, '2019-11-24 05:51:46', '2019-11-24 05:51:46', 3),
(804, 2, 326, '2019-11-24 05:51:46', '2019-11-24 05:51:46', 14),
(805, 4, 497, '2019-11-24 05:51:46', '2019-11-24 05:51:46', 24),
(806, 3, 454, '2019-11-24 05:51:46', '2019-11-24 05:51:46', 13),
(807, 4, 995, '2019-11-24 05:51:46', '2019-11-24 05:51:46', 30),
(808, 3, 805, '2019-11-24 05:51:46', '2019-11-24 05:51:46', 14),
(809, 9, 572, '2019-11-24 05:51:46', '2019-11-24 05:51:46', 9),
(810, 7, 115, '2019-11-24 05:51:46', '2019-11-24 05:51:46', 1),
(811, 3, 919, '2019-11-24 05:51:46', '2019-11-24 05:51:46', 16),
(812, 0, 101, '2019-11-24 05:51:46', '2019-11-24 05:51:46', 26),
(813, 7, 540, '2019-11-24 05:51:46', '2019-11-24 05:51:46', 25),
(814, 7, 697, '2019-11-24 05:51:46', '2019-11-24 05:51:46', 17),
(815, 5, 675, '2019-11-24 05:51:46', '2019-11-24 05:51:46', 16),
(816, 9, 271, '2019-11-24 05:51:46', '2019-11-24 05:51:46', 25),
(817, 3, 870, '2019-11-24 05:51:46', '2019-11-24 05:51:46', 18),
(818, 4, 892, '2019-11-24 05:51:46', '2019-11-24 05:51:46', 15),
(819, 1, 1048, '2019-11-24 05:51:46', '2019-11-24 05:51:46', 5),
(820, 5, 725, '2019-11-24 05:51:46', '2019-11-24 05:51:46', 25),
(821, 4, 999, '2019-11-24 05:51:46', '2019-11-24 05:51:46', 2),
(822, 8, 557, '2019-11-24 05:51:46', '2019-11-24 05:51:46', 22),
(823, 3, 654, '2019-11-24 05:51:46', '2019-11-24 05:51:46', 26),
(824, 3, 265, '2019-11-24 05:51:46', '2019-11-24 05:51:46', 10),
(825, 0, 573, '2019-11-24 05:51:46', '2019-11-24 05:51:46', 28),
(826, 3, 440, '2019-11-24 05:51:46', '2019-11-24 05:51:46', 24),
(827, 2, 913, '2019-11-24 05:51:46', '2019-11-24 05:51:46', 28),
(828, 2, 585, '2019-11-24 05:51:46', '2019-11-24 05:51:46', 19),
(829, 4, 437, '2019-11-24 05:51:46', '2019-11-24 05:51:46', 20),
(830, 3, 847, '2019-11-24 05:51:46', '2019-11-24 05:51:46', 11),
(831, 5, 335, '2019-11-24 05:51:46', '2019-11-24 05:51:46', 30),
(832, 6, 1150, '2019-11-24 05:51:46', '2019-11-24 05:51:46', 25),
(833, 6, 262, '2019-11-24 05:51:46', '2019-11-24 05:51:46', 11),
(834, 3, 648, '2019-11-24 05:51:46', '2019-11-24 05:51:46', 16),
(835, 5, 1103, '2019-11-24 05:51:46', '2019-11-24 05:51:46', 5),
(836, 3, 229, '2019-11-24 05:51:46', '2019-11-24 05:51:46', 22),
(837, 3, 334, '2019-11-24 05:51:46', '2019-11-24 05:51:46', 25),
(838, 3, 710, '2019-11-24 05:51:46', '2019-11-24 05:51:46', 19),
(839, 5, 378, '2019-11-24 05:51:46', '2019-11-24 05:51:46', 13),
(840, 6, 936, '2019-11-24 05:51:46', '2019-11-24 05:51:46', 22),
(841, 9, 1170, '2019-11-24 05:51:46', '2019-11-24 05:51:46', 7),
(842, 9, 760, '2019-11-24 05:51:46', '2019-11-24 05:51:46', 29),
(843, 7, 259, '2019-11-24 05:51:46', '2019-11-24 05:51:46', 10),
(844, 0, 242, '2019-11-24 05:51:46', '2019-11-24 05:51:46', 24),
(845, 4, 200, '2019-11-24 05:51:46', '2019-11-24 05:51:46', 1),
(846, 8, 598, '2019-11-24 05:51:46', '2019-11-24 05:51:46', 14),
(847, 4, 681, '2019-11-24 05:51:46', '2019-11-24 05:51:46', 26),
(848, 9, 1179, '2019-11-24 05:51:46', '2019-11-24 05:51:46', 24),
(849, 9, 624, '2019-11-24 05:51:46', '2019-11-24 05:51:46', 3),
(850, 4, 3, '2019-11-24 05:51:46', '2019-11-24 05:51:46', 30),
(851, 0, 1025, '2019-11-24 05:51:46', '2019-11-24 05:51:46', 13),
(852, 9, 6, '2019-11-24 05:51:46', '2019-11-24 05:51:46', 14),
(853, 5, 424, '2019-11-24 05:51:46', '2019-11-24 05:51:46', 17),
(854, 9, 640, '2019-11-24 05:51:46', '2019-11-24 05:51:46', 6),
(855, 4, 305, '2019-11-24 05:51:46', '2019-11-24 05:51:46', 14),
(856, 7, 285, '2019-11-24 05:51:46', '2019-11-24 05:51:46', 18),
(857, 6, 1097, '2019-11-24 05:51:46', '2019-11-24 05:51:46', 3),
(858, 1, 524, '2019-11-24 05:51:46', '2019-11-24 05:51:46', 21),
(859, 5, 264, '2019-11-24 05:51:46', '2019-11-24 05:51:46', 19),
(860, 8, 857, '2019-11-24 05:51:46', '2019-11-24 05:51:46', 20),
(861, 5, 472, '2019-11-24 05:51:46', '2019-11-24 05:51:46', 9),
(862, 2, 926, '2019-11-24 05:51:46', '2019-11-24 05:51:46', 19),
(863, 2, 285, '2019-11-24 05:51:46', '2019-11-24 05:51:46', 24),
(864, 6, 711, '2019-11-24 05:51:46', '2019-11-24 05:51:46', 24),
(865, 9, 403, '2019-11-24 05:51:46', '2019-11-24 05:51:46', 10),
(866, 7, 657, '2019-11-24 05:51:46', '2019-11-24 05:51:46', 8),
(867, 4, 597, '2019-11-24 05:51:46', '2019-11-24 05:51:46', 26),
(868, 3, 494, '2019-11-24 05:51:46', '2019-11-24 05:51:46', 16),
(869, 6, 616, '2019-11-24 05:51:46', '2019-11-24 05:51:46', 28),
(870, 5, 494, '2019-11-24 05:51:46', '2019-11-24 05:51:46', 26),
(871, 8, 178, '2019-11-24 05:51:46', '2019-11-24 05:51:46', 23),
(872, 0, 945, '2019-11-24 05:51:46', '2019-11-24 05:51:46', 6),
(873, 4, 576, '2019-11-24 05:51:46', '2019-11-24 05:51:46', 14),
(874, 5, 315, '2019-11-24 05:51:46', '2019-11-24 05:51:46', 14),
(875, 3, 790, '2019-11-24 05:51:46', '2019-11-24 05:51:46', 28),
(876, 1, 1155, '2019-11-24 05:51:46', '2019-11-24 05:51:46', 4),
(877, 6, 1135, '2019-11-24 05:51:46', '2019-11-24 05:51:46', 4),
(878, 3, 352, '2019-11-24 05:51:46', '2019-11-24 05:51:46', 22),
(879, 4, 978, '2019-11-24 05:51:46', '2019-11-24 05:51:46', 23),
(880, 1, 652, '2019-11-24 05:51:46', '2019-11-24 05:51:46', 30),
(881, 6, 183, '2019-11-24 05:51:46', '2019-11-24 05:51:46', 5),
(882, 1, 46, '2019-11-24 05:51:46', '2019-11-24 05:51:46', 18),
(883, 2, 751, '2019-11-24 05:51:46', '2019-11-24 05:51:46', 4),
(884, 8, 542, '2019-11-24 05:51:46', '2019-11-24 05:51:46', 13),
(885, 0, 891, '2019-11-24 05:51:46', '2019-11-24 05:51:46', 24),
(886, 3, 261, '2019-11-24 05:51:46', '2019-11-24 05:51:46', 28),
(887, 3, 387, '2019-11-24 05:51:46', '2019-11-24 05:51:46', 22),
(888, 8, 752, '2019-11-24 05:51:46', '2019-11-24 05:51:46', 7),
(889, 9, 417, '2019-11-24 05:51:46', '2019-11-24 05:51:46', 28),
(890, 6, 311, '2019-11-24 05:51:46', '2019-11-24 05:51:46', 11),
(891, 9, 60, '2019-11-24 05:51:46', '2019-11-24 05:51:46', 16),
(892, 7, 898, '2019-11-24 05:51:46', '2019-11-24 05:51:46', 6),
(893, 6, 770, '2019-11-24 05:51:46', '2019-11-24 05:51:46', 24),
(894, 6, 99, '2019-11-24 05:51:46', '2019-11-24 05:51:46', 26),
(895, 5, 415, '2019-11-24 05:51:46', '2019-11-24 05:51:46', 12),
(896, 6, 657, '2019-11-24 05:51:46', '2019-11-24 05:51:46', 6),
(897, 2, 767, '2019-11-24 05:51:46', '2019-11-24 05:51:46', 21),
(898, 3, 794, '2019-11-24 05:51:46', '2019-11-24 05:51:46', 21),
(899, 4, 225, '2019-11-24 05:51:46', '2019-11-24 05:51:46', 12),
(900, 9, 372, '2019-11-24 05:51:46', '2019-11-24 05:51:46', 22),
(901, 5, 303, '2019-11-24 05:51:46', '2019-11-24 05:51:46', 12),
(902, 0, 473, '2019-11-24 05:51:46', '2019-11-24 05:51:46', 14),
(903, 1, 204, '2019-11-24 05:51:46', '2019-11-24 05:51:46', 8),
(904, 2, 839, '2019-11-24 05:51:46', '2019-11-24 05:51:46', 13),
(905, 0, 889, '2019-11-24 05:51:46', '2019-11-24 05:51:46', 3),
(906, 2, 34, '2019-11-24 05:51:46', '2019-11-24 05:51:46', 14),
(907, 7, 884, '2019-11-24 05:51:46', '2019-11-24 05:51:46', 12),
(908, 9, 486, '2019-11-24 05:51:46', '2019-11-24 05:51:46', 11),
(909, 1, 795, '2019-11-24 05:51:46', '2019-11-24 05:51:46', 26),
(910, 0, 666, '2019-11-24 05:51:46', '2019-11-24 05:51:46', 13),
(911, 4, 1140, '2019-11-24 05:51:46', '2019-11-24 05:51:46', 24),
(912, 3, 571, '2019-11-24 05:51:46', '2019-11-24 05:51:46', 11),
(913, 8, 64, '2019-11-24 05:51:46', '2019-11-24 05:51:46', 14),
(914, 5, 317, '2019-11-24 05:51:46', '2019-11-24 05:51:46', 26),
(915, 4, 266, '2019-11-24 05:51:46', '2019-11-24 05:51:46', 24),
(916, 3, 74, '2019-11-24 05:51:46', '2019-11-24 05:51:46', 28),
(917, 1, 856, '2019-11-24 05:51:46', '2019-11-24 05:51:46', 14),
(918, 3, 843, '2019-11-24 05:51:46', '2019-11-24 05:51:46', 15),
(919, 2, 131, '2019-11-24 05:51:46', '2019-11-24 05:51:46', 23),
(920, 8, 75, '2019-11-24 05:51:46', '2019-11-24 05:51:46', 11),
(921, 0, 443, '2019-11-24 05:51:46', '2019-11-24 05:51:46', 26),
(922, 2, 550, '2019-11-24 05:51:46', '2019-11-24 05:51:46', 11),
(923, 4, 263, '2019-11-24 05:51:46', '2019-11-24 05:51:46', 22),
(924, 3, 203, '2019-11-24 05:51:46', '2019-11-24 05:51:46', 12),
(925, 9, 627, '2019-11-24 05:51:46', '2019-11-24 05:51:46', 11),
(926, 5, 1131, '2019-11-24 05:51:46', '2019-11-24 05:51:46', 1),
(927, 5, 269, '2019-11-24 05:51:46', '2019-11-24 05:51:46', 23),
(928, 1, 24, '2019-11-24 05:51:46', '2019-11-24 05:51:46', 14),
(929, 8, 1057, '2019-11-24 05:51:46', '2019-11-24 05:51:46', 23),
(930, 3, 559, '2019-11-24 05:51:46', '2019-11-24 05:51:46', 25),
(931, 6, 237, '2019-11-24 05:51:46', '2019-11-24 05:51:46', 26),
(932, 8, 736, '2019-11-24 05:51:46', '2019-11-24 05:51:46', 11),
(933, 4, 416, '2019-11-24 05:51:46', '2019-11-24 05:51:46', 25),
(934, 8, 1101, '2019-11-24 05:51:46', '2019-11-24 05:51:46', 6),
(935, 0, 240, '2019-11-24 05:51:46', '2019-11-24 05:51:46', 26),
(936, 2, 947, '2019-11-24 05:51:46', '2019-11-24 05:51:46', 9),
(937, 4, 942, '2019-11-24 05:51:46', '2019-11-24 05:51:46', 25),
(938, 5, 414, '2019-11-24 05:51:46', '2019-11-24 05:51:46', 8),
(939, 3, 486, '2019-11-24 05:51:46', '2019-11-24 05:51:46', 21),
(940, 7, 954, '2019-11-24 05:51:46', '2019-11-24 05:51:46', 13),
(941, 2, 401, '2019-11-24 05:51:46', '2019-11-24 05:51:46', 9),
(942, 0, 730, '2019-11-24 05:51:46', '2019-11-24 05:51:46', 18),
(943, 2, 758, '2019-11-24 05:51:46', '2019-11-24 05:51:46', 20),
(944, 2, 198, '2019-11-24 05:51:46', '2019-11-24 05:51:46', 17),
(945, 2, 466, '2019-11-24 05:51:46', '2019-11-24 05:51:46', 9),
(946, 0, 271, '2019-11-24 05:51:46', '2019-11-24 05:51:46', 4),
(947, 2, 271, '2019-11-24 05:51:46', '2019-11-24 05:51:46', 19),
(948, 5, 333, '2019-11-24 05:51:46', '2019-11-24 05:51:46', 27),
(949, 5, 997, '2019-11-24 05:51:46', '2019-11-24 05:51:46', 21),
(950, 0, 308, '2019-11-24 05:51:46', '2019-11-24 05:51:46', 5),
(951, 7, 1164, '2019-11-24 05:51:46', '2019-11-24 05:51:46', 22),
(952, 5, 808, '2019-11-24 05:51:46', '2019-11-24 05:51:46', 26),
(953, 8, 927, '2019-11-24 05:51:46', '2019-11-24 05:51:46', 16),
(954, 3, 999, '2019-11-24 05:51:46', '2019-11-24 05:51:46', 1),
(955, 7, 71, '2019-11-24 05:51:46', '2019-11-24 05:51:46', 6),
(956, 4, 1038, '2019-11-24 05:51:46', '2019-11-24 05:51:46', 10),
(957, 7, 82, '2019-11-24 05:51:46', '2019-11-24 05:51:46', 26),
(958, 5, 1104, '2019-11-24 05:51:46', '2019-11-24 05:51:46', 13),
(959, 3, 1033, '2019-11-24 05:51:46', '2019-11-24 05:51:46', 6),
(960, 2, 1178, '2019-11-24 05:51:46', '2019-11-24 05:51:46', 16),
(961, 8, 479, '2019-11-24 05:51:46', '2019-11-24 05:51:46', 6),
(962, 3, 33, '2019-11-24 05:51:46', '2019-11-24 05:51:46', 12),
(963, 5, 796, '2019-11-24 05:51:46', '2019-11-24 05:51:46', 2),
(964, 2, 372, '2019-11-24 05:51:46', '2019-11-24 05:51:46', 17),
(965, 3, 403, '2019-11-24 05:51:46', '2019-11-24 05:51:46', 16),
(966, 0, 1003, '2019-11-24 05:51:46', '2019-11-24 05:51:46', 28),
(967, 1, 884, '2019-11-24 05:51:46', '2019-11-24 05:51:46', 10),
(968, 6, 1182, '2019-11-24 05:51:46', '2019-11-24 05:51:46', 20),
(969, 3, 1143, '2019-11-24 05:51:46', '2019-11-24 05:51:46', 9),
(970, 0, 225, '2019-11-24 05:51:46', '2019-11-24 05:51:46', 30),
(971, 8, 1172, '2019-11-24 05:51:46', '2019-11-24 05:51:46', 11),
(972, 3, 445, '2019-11-24 05:51:46', '2019-11-24 05:51:46', 12),
(973, 4, 923, '2019-11-24 05:51:46', '2019-11-24 05:51:46', 5),
(974, 5, 178, '2019-11-24 05:51:46', '2019-11-24 05:51:46', 29),
(975, 5, 412, '2019-11-24 05:51:46', '2019-11-24 05:51:46', 27),
(976, 3, 7, '2019-11-24 05:51:46', '2019-11-24 05:51:46', 15),
(977, 8, 797, '2019-11-24 05:51:46', '2019-11-24 05:51:46', 5),
(978, 7, 273, '2019-11-24 05:51:46', '2019-11-24 05:51:46', 25),
(979, 0, 1014, '2019-11-24 05:51:46', '2019-11-24 05:51:46', 14),
(980, 8, 1173, '2019-11-24 05:51:46', '2019-11-24 05:51:46', 29),
(981, 1, 989, '2019-11-24 05:51:46', '2019-11-24 05:51:46', 7),
(982, 6, 47, '2019-11-24 05:51:46', '2019-11-24 05:51:46', 24),
(983, 3, 288, '2019-11-24 05:51:46', '2019-11-24 05:51:46', 29),
(984, 0, 1121, '2019-11-24 05:51:46', '2019-11-24 05:51:46', 16),
(985, 6, 776, '2019-11-24 05:51:46', '2019-11-24 05:51:46', 16),
(986, 0, 617, '2019-11-24 05:51:46', '2019-11-24 05:51:46', 6),
(987, 6, 528, '2019-11-24 05:51:46', '2019-11-24 05:51:46', 8),
(988, 7, 277, '2019-11-24 05:51:46', '2019-11-24 05:51:46', 7),
(989, 3, 213, '2019-11-24 05:51:46', '2019-11-24 05:51:46', 27),
(990, 3, 555, '2019-11-24 05:51:46', '2019-11-24 05:51:46', 23),
(991, 3, 235, '2019-11-24 05:51:46', '2019-11-24 05:51:46', 29),
(992, 6, 1072, '2019-11-24 05:51:46', '2019-11-24 05:51:46', 28),
(993, 8, 873, '2019-11-24 05:51:46', '2019-11-24 05:51:46', 10),
(994, 5, 602, '2019-11-24 05:51:46', '2019-11-24 05:51:46', 8),
(995, 6, 907, '2019-11-24 05:51:46', '2019-11-24 05:51:46', 11),
(996, 7, 796, '2019-11-24 05:51:46', '2019-11-24 05:51:46', 23),
(997, 5, 25, '2019-11-24 05:51:46', '2019-11-24 05:51:46', 1),
(998, 6, 83, '2019-11-24 05:51:46', '2019-11-24 05:51:46', 25),
(999, 4, 740, '2019-11-24 05:51:46', '2019-11-24 05:51:46', 8),
(1000, 3, 6, '2019-11-24 05:51:46', '2019-11-24 05:51:46', 1),
(1001, 8, 1084, '2019-11-24 05:51:46', '2019-11-24 05:51:46', 3),
(1002, 0, 1003, '2019-11-24 05:51:46', '2019-11-24 05:51:46', 11),
(1003, 8, 43, '2019-11-24 05:51:46', '2019-11-24 05:51:46', 22),
(1004, 6, 236, '2019-11-24 05:51:46', '2019-11-24 05:51:46', 22),
(1005, 4, 798, '2019-11-24 05:51:46', '2019-11-24 05:51:46', 24),
(1006, 0, 135, '2019-11-24 05:51:46', '2019-11-24 05:51:46', 30),
(1007, 8, 416, '2019-11-24 05:51:46', '2019-11-24 05:51:46', 24),
(1008, 6, 40, '2019-11-24 05:51:46', '2019-11-24 05:51:46', 15),
(1009, 1, 34, '2019-11-24 05:51:46', '2019-11-24 05:51:46', 30),
(1010, 8, 771, '2019-11-24 05:51:46', '2019-11-24 05:51:46', 6),
(1011, 2, 182, '2019-11-24 05:51:46', '2019-11-24 05:51:46', 21),
(1012, 2, 799, '2019-11-24 05:51:46', '2019-11-24 05:51:46', 1),
(1013, 5, 382, '2019-11-24 05:51:46', '2019-11-24 05:51:46', 12),
(1014, 9, 62, '2019-11-24 05:51:46', '2019-11-24 05:51:46', 17),
(1015, 3, 279, '2019-11-24 05:51:46', '2019-11-24 05:51:46', 15),
(1016, 7, 414, '2019-11-24 05:51:46', '2019-11-24 05:51:46', 4),
(1017, 7, 306, '2019-11-24 05:51:46', '2019-11-24 05:51:46', 5),
(1018, 4, 962, '2019-11-24 05:51:46', '2019-11-24 05:51:46', 1),
(1019, 5, 967, '2019-11-24 05:51:46', '2019-11-24 05:51:46', 18),
(1020, 4, 406, '2019-11-24 05:51:46', '2019-11-24 05:51:46', 6),
(1021, 9, 173, '2019-11-24 05:51:46', '2019-11-24 05:51:46', 29),
(1022, 7, 1141, '2019-11-24 05:51:46', '2019-11-24 05:51:46', 25),
(1023, 2, 3, '2019-11-24 05:51:46', '2019-11-24 05:51:46', 21),
(1024, 8, 651, '2019-11-24 05:51:46', '2019-11-24 05:51:46', 28),
(1025, 5, 214, '2019-11-24 05:51:46', '2019-11-24 05:51:46', 30),
(1026, 6, 970, '2019-11-24 05:51:46', '2019-11-24 05:51:46', 17),
(1027, 4, 57, '2019-11-24 05:51:46', '2019-11-24 05:51:46', 28),
(1028, 8, 2, '2019-11-24 05:51:46', '2019-11-24 05:51:46', 17),
(1029, 8, 705, '2019-11-24 05:51:46', '2019-11-24 05:51:46', 5),
(1030, 3, 672, '2019-11-24 05:51:46', '2019-11-24 05:51:46', 8),
(1031, 7, 1035, '2019-11-24 05:51:46', '2019-11-24 05:51:46', 23),
(1032, 2, 1019, '2019-11-24 05:51:46', '2019-11-24 05:51:46', 13),
(1033, 9, 140, '2019-11-24 05:51:46', '2019-11-24 05:51:46', 20),
(1034, 5, 803, '2019-11-24 05:51:46', '2019-11-24 05:51:46', 24),
(1035, 1, 1179, '2019-11-24 05:51:46', '2019-11-24 05:51:46', 12),
(1036, 0, 1173, '2019-11-24 05:51:46', '2019-11-24 05:51:46', 8),
(1037, 1, 984, '2019-11-24 05:51:46', '2019-11-24 05:51:46', 14),
(1038, 8, 37, '2019-11-24 05:51:46', '2019-11-24 05:51:46', 22),
(1039, 3, 697, '2019-11-24 05:51:46', '2019-11-24 05:51:46', 1),
(1040, 2, 813, '2019-11-24 05:51:46', '2019-11-24 05:51:46', 22),
(1041, 1, 298, '2019-11-24 05:51:46', '2019-11-24 05:51:46', 16),
(1042, 1, 291, '2019-11-24 05:51:46', '2019-11-24 05:51:46', 30),
(1043, 7, 472, '2019-11-24 05:51:46', '2019-11-24 05:51:46', 12),
(1044, 4, 860, '2019-11-24 05:51:46', '2019-11-24 05:51:46', 11),
(1045, 2, 980, '2019-11-24 05:51:46', '2019-11-24 05:51:46', 18),
(1046, 4, 302, '2019-11-24 05:51:46', '2019-11-24 05:51:46', 26),
(1047, 8, 790, '2019-11-24 05:51:46', '2019-11-24 05:51:46', 13),
(1048, 9, 444, '2019-11-24 05:51:46', '2019-11-24 05:51:46', 22),
(1049, 8, 1067, '2019-11-24 05:51:46', '2019-11-24 05:51:46', 22),
(1050, 6, 463, '2019-11-24 05:51:46', '2019-11-24 05:51:46', 23),
(1051, 8, 1030, '2019-11-24 05:51:46', '2019-11-24 05:51:46', 22),
(1052, 4, 1047, '2019-11-24 05:51:46', '2019-11-24 05:51:46', 29),
(1053, 3, 763, '2019-11-24 05:51:46', '2019-11-24 05:51:46', 27),
(1054, 8, 161, '2019-11-24 05:51:46', '2019-11-24 05:51:46', 24),
(1055, 2, 137, '2019-11-24 05:51:46', '2019-11-24 05:51:46', 8),
(1056, 0, 434, '2019-11-24 05:51:46', '2019-11-24 05:51:46', 19),
(1057, 5, 833, '2019-11-24 05:51:46', '2019-11-24 05:51:46', 6),
(1058, 9, 249, '2019-11-24 05:51:46', '2019-11-24 05:51:46', 11),
(1059, 5, 154, '2019-11-24 05:51:46', '2019-11-24 05:51:46', 11),
(1060, 9, 619, '2019-11-24 05:51:46', '2019-11-24 05:51:46', 23),
(1061, 5, 879, '2019-11-24 05:51:46', '2019-11-24 05:51:46', 2),
(1062, 1, 479, '2019-11-24 05:51:46', '2019-11-24 05:51:46', 11),
(1063, 7, 307, '2019-11-24 05:51:46', '2019-11-24 05:51:46', 27),
(1064, 9, 158, '2019-11-24 05:51:46', '2019-11-24 05:51:46', 29),
(1065, 9, 151, '2019-11-24 05:51:46', '2019-11-24 05:51:46', 23),
(1066, 3, 626, '2019-11-24 05:51:46', '2019-11-24 05:51:46', 13),
(1067, 6, 636, '2019-11-24 05:51:46', '2019-11-24 05:51:46', 7),
(1068, 4, 738, '2019-11-24 05:51:46', '2019-11-24 05:51:46', 28),
(1069, 1, 1036, '2019-11-24 05:51:46', '2019-11-24 05:51:46', 28),
(1070, 6, 1010, '2019-11-24 05:51:46', '2019-11-24 05:51:46', 22),
(1071, 0, 688, '2019-11-24 05:51:46', '2019-11-24 05:51:46', 3),
(1072, 9, 904, '2019-11-24 05:51:46', '2019-11-24 05:51:46', 14),
(1073, 1, 259, '2019-11-24 05:51:46', '2019-11-24 05:51:46', 12),
(1074, 1, 253, '2019-11-24 05:51:46', '2019-11-24 05:51:46', 27),
(1075, 3, 458, '2019-11-24 05:51:46', '2019-11-24 05:51:46', 26),
(1076, 5, 810, '2019-11-24 05:51:46', '2019-11-24 05:51:46', 14),
(1077, 8, 734, '2019-11-24 05:51:46', '2019-11-24 05:51:46', 21),
(1078, 3, 460, '2019-11-24 05:51:46', '2019-11-24 05:51:46', 25),
(1079, 6, 519, '2019-11-24 05:51:46', '2019-11-24 05:51:46', 9),
(1080, 6, 99, '2019-11-24 05:51:46', '2019-11-24 05:51:46', 21),
(1081, 5, 958, '2019-11-24 05:51:46', '2019-11-24 05:51:46', 3),
(1082, 2, 1027, '2019-11-24 05:51:46', '2019-11-24 05:51:46', 25),
(1083, 8, 137, '2019-11-24 05:51:46', '2019-11-24 05:51:46', 19),
(1084, 2, 158, '2019-11-24 05:51:46', '2019-11-24 05:51:46', 9),
(1085, 5, 919, '2019-11-24 05:51:46', '2019-11-24 05:51:46', 10),
(1086, 0, 565, '2019-11-24 05:51:46', '2019-11-24 05:51:46', 1),
(1087, 6, 671, '2019-11-24 05:51:46', '2019-11-24 05:51:46', 17),
(1088, 6, 1191, '2019-11-24 05:51:46', '2019-11-24 05:51:46', 18),
(1089, 8, 613, '2019-11-24 05:51:46', '2019-11-24 05:51:46', 5),
(1090, 7, 30, '2019-11-24 05:51:46', '2019-11-24 05:51:46', 23),
(1091, 5, 1124, '2019-11-24 05:51:46', '2019-11-24 05:51:46', 4),
(1092, 9, 810, '2019-11-24 05:51:46', '2019-11-24 05:51:46', 16),
(1093, 5, 1068, '2019-11-24 05:51:46', '2019-11-24 05:51:46', 1),
(1094, 0, 68, '2019-11-24 05:51:46', '2019-11-24 05:51:46', 6),
(1095, 6, 171, '2019-11-24 05:51:46', '2019-11-24 05:51:46', 23),
(1096, 5, 778, '2019-11-24 05:51:46', '2019-11-24 05:51:46', 19),
(1097, 7, 26, '2019-11-24 05:51:46', '2019-11-24 05:51:46', 22),
(1098, 6, 1092, '2019-11-24 05:51:46', '2019-11-24 05:51:46', 28),
(1099, 2, 966, '2019-11-24 05:51:46', '2019-11-24 05:51:46', 20),
(1100, 9, 786, '2019-11-24 05:51:46', '2019-11-24 05:51:46', 26),
(1101, 6, 309, '2019-11-24 05:51:46', '2019-11-24 05:51:46', 25),
(1102, 9, 197, '2019-11-24 05:51:46', '2019-11-24 05:51:46', 2),
(1103, 6, 430, '2019-11-24 05:51:46', '2019-11-24 05:51:46', 8),
(1104, 2, 805, '2019-11-24 05:51:46', '2019-11-24 05:51:46', 12),
(1105, 1, 1161, '2019-11-24 05:51:46', '2019-11-24 05:51:46', 17),
(1106, 1, 820, '2019-11-24 05:51:46', '2019-11-24 05:51:46', 11),
(1107, 6, 883, '2019-11-24 05:51:46', '2019-11-24 05:51:46', 19),
(1108, 9, 489, '2019-11-24 05:51:46', '2019-11-24 05:51:46', 4),
(1109, 2, 903, '2019-11-24 05:51:46', '2019-11-24 05:51:46', 5),
(1110, 7, 1081, '2019-11-24 05:51:46', '2019-11-24 05:51:46', 21),
(1111, 4, 663, '2019-11-24 05:51:46', '2019-11-24 05:51:46', 25),
(1112, 6, 421, '2019-11-24 05:51:46', '2019-11-24 05:51:46', 6),
(1113, 9, 367, '2019-11-24 05:51:46', '2019-11-24 05:51:46', 15),
(1114, 9, 294, '2019-11-24 05:51:46', '2019-11-24 05:51:46', 8),
(1115, 6, 201, '2019-11-24 05:51:46', '2019-11-24 05:51:46', 23),
(1116, 5, 735, '2019-11-24 05:51:46', '2019-11-24 05:51:46', 15),
(1117, 1, 178, '2019-11-24 05:51:46', '2019-11-24 05:51:46', 30),
(1118, 3, 1178, '2019-11-24 05:51:46', '2019-11-24 05:51:46', 21),
(1119, 5, 648, '2019-11-24 05:51:46', '2019-11-24 05:51:46', 23),
(1120, 6, 747, '2019-11-24 05:51:46', '2019-11-24 05:51:46', 14),
(1121, 0, 666, '2019-11-24 05:51:46', '2019-11-24 05:51:46', 19),
(1122, 7, 73, '2019-11-24 05:51:46', '2019-11-24 05:51:46', 27),
(1123, 1, 203, '2019-11-24 05:51:46', '2019-11-24 05:51:46', 2),
(1124, 1, 844, '2019-11-24 05:51:46', '2019-11-24 05:51:46', 15),
(1125, 2, 1010, '2019-11-24 05:51:46', '2019-11-24 05:51:46', 18),
(1126, 5, 642, '2019-11-24 05:51:46', '2019-11-24 05:51:46', 3),
(1127, 8, 1110, '2019-11-24 05:51:46', '2019-11-24 05:51:46', 2),
(1128, 1, 351, '2019-11-24 05:51:46', '2019-11-24 05:51:46', 10),
(1129, 6, 504, '2019-11-24 05:51:46', '2019-11-24 05:51:46', 19),
(1130, 0, 576, '2019-11-24 05:51:46', '2019-11-24 05:51:46', 15),
(1131, 5, 1197, '2019-11-24 05:51:46', '2019-11-24 05:51:46', 26),
(1132, 3, 667, '2019-11-24 05:51:46', '2019-11-24 05:51:46', 3),
(1133, 1, 475, '2019-11-24 05:51:46', '2019-11-24 05:51:46', 5),
(1134, 5, 240, '2019-11-24 05:51:46', '2019-11-24 05:51:46', 3),
(1135, 3, 629, '2019-11-24 05:51:46', '2019-11-24 05:51:46', 25),
(1136, 1, 877, '2019-11-24 05:51:46', '2019-11-24 05:51:46', 17),
(1137, 1, 732, '2019-11-24 05:51:46', '2019-11-24 05:51:46', 29),
(1138, 2, 272, '2019-11-24 05:51:46', '2019-11-24 05:51:46', 30),
(1139, 7, 37, '2019-11-24 05:51:46', '2019-11-24 05:51:46', 10),
(1140, 6, 716, '2019-11-24 05:51:46', '2019-11-24 05:51:46', 20),
(1141, 6, 74, '2019-11-24 05:51:46', '2019-11-24 05:51:46', 21),
(1142, 8, 959, '2019-11-24 05:51:46', '2019-11-24 05:51:46', 30),
(1143, 8, 1052, '2019-11-24 05:51:46', '2019-11-24 05:51:46', 6),
(1144, 0, 58, '2019-11-24 05:51:46', '2019-11-24 05:51:46', 1),
(1145, 3, 1067, '2019-11-24 05:51:46', '2019-11-24 05:51:46', 10),
(1146, 3, 745, '2019-11-24 05:51:46', '2019-11-24 05:51:46', 7),
(1147, 4, 1188, '2019-11-24 05:51:46', '2019-11-24 05:51:46', 10),
(1148, 8, 519, '2019-11-24 05:51:46', '2019-11-24 05:51:46', 30),
(1149, 2, 509, '2019-11-24 05:51:46', '2019-11-24 05:51:46', 20),
(1150, 2, 551, '2019-11-24 05:51:46', '2019-11-24 05:51:46', 27),
(1151, 5, 330, '2019-11-24 05:51:46', '2019-11-24 05:51:46', 23),
(1152, 6, 1053, '2019-11-24 05:51:46', '2019-11-24 05:51:46', 4),
(1153, 4, 1110, '2019-11-24 05:51:46', '2019-11-24 05:51:46', 2),
(1154, 4, 798, '2019-11-24 05:51:46', '2019-11-24 05:51:46', 9),
(1155, 2, 233, '2019-11-24 05:51:46', '2019-11-24 05:51:46', 19),
(1156, 6, 1191, '2019-11-24 05:51:46', '2019-11-24 05:51:46', 13),
(1157, 5, 376, '2019-11-24 05:51:46', '2019-11-24 05:51:46', 7),
(1158, 8, 825, '2019-11-24 05:51:46', '2019-11-24 05:51:46', 12),
(1159, 1, 420, '2019-11-24 05:51:46', '2019-11-24 05:51:46', 9),
(1160, 5, 633, '2019-11-24 05:51:46', '2019-11-24 05:51:46', 28),
(1161, 4, 727, '2019-11-24 05:51:46', '2019-11-24 05:51:46', 3),
(1162, 7, 891, '2019-11-24 05:51:46', '2019-11-24 05:51:46', 7),
(1163, 7, 1086, '2019-11-24 05:51:46', '2019-11-24 05:51:46', 10),
(1164, 2, 1024, '2019-11-24 05:51:46', '2019-11-24 05:51:46', 12),
(1165, 1, 527, '2019-11-24 05:51:46', '2019-11-24 05:51:46', 18),
(1166, 2, 474, '2019-11-24 05:51:46', '2019-11-24 05:51:46', 13),
(1167, 2, 1003, '2019-11-24 05:51:46', '2019-11-24 05:51:46', 30),
(1168, 3, 720, '2019-11-24 05:51:46', '2019-11-24 05:51:46', 28),
(1169, 7, 655, '2019-11-24 05:51:46', '2019-11-24 05:51:46', 23),
(1170, 2, 599, '2019-11-24 05:51:46', '2019-11-24 05:51:46', 23),
(1171, 2, 252, '2019-11-24 05:51:46', '2019-11-24 05:51:46', 25),
(1172, 9, 762, '2019-11-24 05:51:46', '2019-11-24 05:51:46', 18),
(1173, 8, 1015, '2019-11-24 05:51:46', '2019-11-24 05:51:46', 20),
(1174, 1, 430, '2019-11-24 05:51:46', '2019-11-24 05:51:46', 9),
(1175, 1, 207, '2019-11-24 05:51:46', '2019-11-24 05:51:46', 10),
(1176, 1, 1073, '2019-11-24 05:51:46', '2019-11-24 05:51:46', 8),
(1177, 4, 726, '2019-11-24 05:51:46', '2019-11-24 05:51:46', 16),
(1178, 7, 1141, '2019-11-24 05:51:46', '2019-11-24 05:51:46', 16),
(1179, 5, 882, '2019-11-24 05:51:46', '2019-11-24 05:51:46', 19),
(1180, 6, 1194, '2019-11-24 05:51:46', '2019-11-24 05:51:46', 28),
(1181, 2, 835, '2019-11-24 05:51:46', '2019-11-24 05:51:46', 16),
(1182, 5, 754, '2019-11-24 05:51:46', '2019-11-24 05:51:46', 9),
(1183, 1, 1043, '2019-11-24 05:51:46', '2019-11-24 05:51:46', 7),
(1184, 4, 288, '2019-11-24 05:51:46', '2019-11-24 05:51:46', 18),
(1185, 3, 921, '2019-11-24 05:51:46', '2019-11-24 05:51:46', 17),
(1186, 8, 820, '2019-11-24 05:51:46', '2019-11-24 05:51:46', 29),
(1187, 7, 699, '2019-11-24 05:51:46', '2019-11-24 05:51:46', 26),
(1188, 4, 651, '2019-11-24 05:51:46', '2019-11-24 05:51:46', 9),
(1189, 5, 1127, '2019-11-24 05:51:46', '2019-11-24 05:51:46', 11),
(1190, 3, 219, '2019-11-24 05:51:46', '2019-11-24 05:51:46', 7),
(1191, 3, 620, '2019-11-24 05:51:46', '2019-11-24 05:51:46', 12),
(1192, 3, 881, '2019-11-24 05:51:46', '2019-11-24 05:51:46', 28),
(1193, 5, 642, '2019-11-24 05:51:46', '2019-11-24 05:51:46', 13),
(1194, 0, 730, '2019-11-24 05:51:46', '2019-11-24 05:51:46', 27),
(1195, 9, 996, '2019-11-24 05:51:46', '2019-11-24 05:51:46', 6),
(1196, 7, 297, '2019-11-24 05:51:46', '2019-11-24 05:51:46', 23),
(1197, 5, 13, '2019-11-24 05:51:46', '2019-11-24 05:51:46', 15),
(1198, 9, 948, '2019-11-24 05:51:46', '2019-11-24 05:51:46', 19),
(1199, 4, 931, '2019-11-24 05:51:46', '2019-11-24 05:51:46', 22),
(1200, 7, 614, '2019-11-24 05:51:46', '2019-11-24 05:51:46', 15);

-- --------------------------------------------------------

--
-- Structure de la table `payments`
--

CREATE TABLE `payments` (
  `id` int(11) NOT NULL,
  `name` varchar(255) DEFAULT NULL,
  `status` varchar(255) DEFAULT NULL
) ENGINE=InnoDB DEFAULT CHARSET=utf8;

-- --------------------------------------------------------

--
-- Structure de la table `products`
--

CREATE TABLE `products` (
  `id` int(11) NOT NULL,
  `name` varchar(255) DEFAULT NULL,
  `description` varchar(255) DEFAULT NULL,
  `supplier_id` int(11) NOT NULL,
  `picture` varchar(255) DEFAULT NULL,
  `created_at` datetime DEFAULT CURRENT_TIMESTAMP,
  `updated_at` datetime DEFAULT CURRENT_TIMESTAMP ON UPDATE CURRENT_TIMESTAMP
) ENGINE=InnoDB DEFAULT CHARSET=utf8;

--
-- Déchargement des données de la table `products`
--

INSERT INTO `products` (`id`, `name`, `description`, `supplier_id`, `picture`, `created_at`, `updated_at`) VALUES
(1, 'sed', 'Similique facilis consequatur quam officiis et voluptas fugit. Et tempora totam hic et.', 5, 'http://atlas-content-cdn.pixelsquid.com/stock-images/gas-cylinder-5A0wywE-600.jpg', '2019-11-24 05:51:19', '2019-11-24 05:51:19'),
(2, 'quia', 'Impedit nisi voluptatem aut nobis provident laudantium numquam non. Saepe neque quidem debitis dolorem dolorem sint. Et quia voluptatem eius voluptas. Voluptas veritatis nisi non molestiae.', 3, 'http://atlas-content-cdn.pixelsquid.com/stock-images/gas-cylinder-5A0wywE-600.jpg', '2019-11-24 05:51:19', '2019-11-24 05:51:19'),
(3, 'iste', 'Est voluptas velit labore. Consectetur est qui voluptatem numquam aut totam id quod. Repudiandae pariatur tempora incidunt fuga asperiores aut.', 1, 'http://atlas-content-cdn.pixelsquid.com/stock-images/gas-cylinder-5A0wywE-600.jpg', '2019-11-24 05:51:19', '2019-11-24 05:51:19'),
(4, 'voluptatem', 'Id et ut et est ducimus. Quo mollitia officia et magni necessitatibus laborum qui saepe. Dolorum qui amet voluptates eum possimus repudiandae mollitia.', 5, 'http://atlas-content-cdn.pixelsquid.com/stock-images/gas-cylinder-5A0wywE-600.jpg', '2019-11-24 05:51:19', '2019-11-24 05:51:19'),
(5, 'nihil', 'Quia dolorem ut et consectetur laborum nisi doloribus. Alias similique aut ut ut. Molestiae officia tempore fugit in excepturi reprehenderit. Quidem ratione alias ut omnis.', 5, 'http://atlas-content-cdn.pixelsquid.com/stock-images/gas-cylinder-5A0wywE-600.jpg', '2019-11-24 05:51:19', '2019-11-24 05:51:19');

-- --------------------------------------------------------

--
-- Structure de la table `services`
--

CREATE TABLE `services` (
  `id` int(11) NOT NULL,
  `name` varchar(255) DEFAULT NULL,
  `description` varchar(255) DEFAULT NULL,
  `created_at` datetime DEFAULT CURRENT_TIMESTAMP,
  `updated_at` datetime DEFAULT CURRENT_TIMESTAMP ON UPDATE CURRENT_TIMESTAMP
) ENGINE=InnoDB DEFAULT CHARSET=utf8;

--
-- Déchargement des données de la table `services`
--

INSERT INTO `services` (`id`, `name`, `description`, `created_at`, `updated_at`) VALUES
(1, 'EYNEDOAU', 'Quae quia sequi sed. Iusto sed sunt modi maxime. Asperiores beatae eaque dolorem inventore exercitationem. Eos voluptatem rerum quos. Et animi beatae ut natus. Voluptatem expedita autem nemo.', '2019-11-24 05:51:19', '2019-11-24 05:51:19'),
(2, 'UUBRLBBS', 'Doloribus quidem magnam doloribus voluptas. Quia provident ut et laborum unde qui. Tempore est dolorem rerum voluptates. Rem natus et accusantium amet eum natus.', '2019-11-24 05:51:19', '2019-11-24 05:51:19'),
(3, 'YCIIXBFN', 'Accusamus mollitia quia natus aut impedit unde. Provident porro rem nesciunt est quidem dolor. Repellat qui quisquam velit corrupti sapiente nemo neque. Similique veniam eos maiores consequatur.', '2019-11-24 05:51:19', '2019-11-24 05:51:19'),
(4, 'TEPKIF1Z', 'Officia sit nihil et natus consectetur. Dolor aperiam laudantium in earum. Ipsam est molestias atque omnis. Minus maxime rerum odit sed minus optio.', '2019-11-24 05:51:19', '2019-11-24 05:51:19');

-- --------------------------------------------------------

--
-- Structure de la table `stocks`
--

CREATE TABLE `stocks` (
  `id` int(11) NOT NULL,
  `product_id` int(11) NOT NULL,
  `store_id` int(11) NOT NULL,
  `active` tinyint(4) DEFAULT '1',
  `quantity` int(11) DEFAULT '0',
  `price` int(11) DEFAULT NULL,
  `created_at` datetime DEFAULT CURRENT_TIMESTAMP,
  `updated_at` datetime DEFAULT CURRENT_TIMESTAMP ON UPDATE CURRENT_TIMESTAMP
) ENGINE=InnoDB DEFAULT CHARSET=utf8;

--
-- Déchargement des données de la table `stocks`
--

INSERT INTO `stocks` (`id`, `product_id`, `store_id`, `active`, `quantity`, `price`, `created_at`, `updated_at`) VALUES
(1, 3, 14, 1, 1, 5000, '2019-11-24 05:51:19', '2019-11-24 05:51:19'),
(2, 3, 2, 1, 8, 12000, '2019-11-24 05:51:19', '2019-11-24 05:51:19'),
(3, 1, 10, 0, 0, 12000, '2019-11-24 05:51:19', '2019-11-24 05:51:19'),
(4, 1, 1, 1, 5, 24000, '2019-11-24 05:51:19', '2019-11-24 05:51:19'),
(5, 3, 9, 0, 7, 2000, '2019-11-24 05:51:19', '2019-11-24 05:51:19'),
(6, 3, 5, 0, 2, 2000, '2019-11-24 05:51:19', '2019-11-24 05:51:19'),
(7, 5, 9, 1, 0, 5000, '2019-11-24 05:51:19', '2019-11-24 05:51:19'),
(8, 2, 1, 0, 3, 5000, '2019-11-24 05:51:19', '2019-11-24 05:51:19'),
(9, 1, 4, 0, 0, 12000, '2019-11-24 05:51:19', '2019-11-24 05:51:19'),
(10, 4, 5, 1, 7, 12000, '2019-11-24 05:51:19', '2019-11-24 05:51:19'),
(11, 5, 2, 0, 4, 12000, '2019-11-24 05:51:19', '2019-11-24 05:51:19'),
(12, 2, 7, 1, 6, 24000, '2019-11-24 05:51:19', '2019-11-24 05:51:19'),
(13, 3, 11, 0, 2, 5000, '2019-11-24 05:51:19', '2019-11-24 05:51:19'),
(14, 2, 10, 0, 9, 30000, '2019-11-24 05:51:19', '2019-11-24 05:51:19'),
(15, 4, 10, 1, 4, 2000, '2019-11-24 05:51:19', '2019-11-24 05:51:19'),
(16, 5, 4, 0, 6, 12000, '2019-11-24 05:51:19', '2019-11-24 05:51:19'),
(17, 3, 14, 1, 4, 30000, '2019-11-24 05:51:19', '2019-11-24 05:51:19'),
(18, 2, 15, 0, 0, 30000, '2019-11-24 05:51:19', '2019-11-24 05:51:19'),
(19, 4, 10, 0, 3, 30000, '2019-11-24 05:51:19', '2019-11-24 05:51:19'),
(20, 1, 10, 1, 2, 5000, '2019-11-24 05:51:19', '2019-11-24 05:51:19'),
(21, 5, 14, 0, 8, 24000, '2019-11-24 05:51:19', '2019-11-24 05:51:19'),
(22, 2, 13, 0, 6, 30000, '2019-11-24 05:51:19', '2019-11-24 05:51:19'),
(23, 4, 9, 0, 8, 12000, '2019-11-24 05:51:19', '2019-11-24 05:51:19'),
(24, 5, 14, 1, 9, 12000, '2019-11-24 05:51:19', '2019-11-24 05:51:19'),
(25, 1, 11, 0, 8, 24000, '2019-11-24 05:51:19', '2019-11-24 05:51:19'),
(26, 3, 13, 0, 4, 5000, '2019-11-24 05:51:19', '2019-11-24 05:51:19'),
(27, 4, 12, 0, 5, 5000, '2019-11-24 05:51:19', '2019-11-24 05:51:19'),
(28, 2, 5, 0, 9, 5000, '2019-11-24 05:51:19', '2019-11-24 05:51:19'),
(29, 1, 13, 0, 1, 24000, '2019-11-24 05:51:19', '2019-11-24 05:51:19'),
(30, 3, 13, 0, 1, 30000, '2019-11-24 05:51:19', '2019-11-24 05:51:19');

-- --------------------------------------------------------

--
-- Structure de la table `stores`
--

CREATE TABLE `stores` (
  `id` int(11) NOT NULL,
  `phone` varchar(255) DEFAULT NULL,
  `name` varchar(255) DEFAULT NULL,
  `email` varchar(255) DEFAULT NULL,
  `description` varchar(255) DEFAULT NULL,
  `longitude` decimal(10,3) DEFAULT NULL,
  `latitude` decimal(10,3) DEFAULT NULL,
  `rating` int(11) DEFAULT NULL,
  `voted` int(11) DEFAULT NULL,
  `active` tinyint(4) DEFAULT NULL,
  `created_at` datetime DEFAULT CURRENT_TIMESTAMP,
  `updated_at` datetime DEFAULT CURRENT_TIMESTAMP ON UPDATE CURRENT_TIMESTAMP,
  `city` varchar(255) DEFAULT NULL,
  `location` varchar(255) DEFAULT NULL,
  `picture` varchar(255) DEFAULT NULL,
  `expire_at` datetime DEFAULT NULL
) ENGINE=InnoDB DEFAULT CHARSET=utf8;

--
-- Déchargement des données de la table `stores`
--

INSERT INTO `stores` (`id`, `phone`, `name`, `email`, `description`, `longitude`, `latitude`, `rating`, `voted`, `active`, `created_at`, `updated_at`, `city`, `location`, `picture`, `expire_at`) VALUES
(1, '9707750', 'ipsum', 'missouri.walker@example.org', 'Maxime ut minima consequatur nulla. Sunt et corrupti eum. Aperiam minus voluptas sit impedit quod.', '145.625', '-10.401', 6, 98027668, 1, '2019-11-24 05:51:19', '2019-11-24 05:51:19', 'East Anjalimouth', 'molestiae', 'https://lorempixel.com/640/480/?21164', '2021-03-14 23:01:21'),
(2, '33565687', 'aut', 'marguerite70@example.net', 'Suscipit voluptatem quo corporis. Repellendus ut aspernatur est non. Temporibus similique id libero quia mollitia.', '-42.735', '4.394', 3, 8444, 1, '2019-11-24 05:51:19', '2019-11-24 05:51:19', 'Enidfort', 'sunt', 'https://lorempixel.com/640/480/?69034', '2020-01-03 21:23:42'),
(3, '76948237', 'est', 'douglas.colby@example.com', 'Dolor et ut possimus magni error. Sit corrupti corporis minus nisi. Omnis animi et fuga harum et.', '-163.197', '-1.419', 7, 1446114, 1, '2019-11-24 05:51:19', '2019-11-24 05:51:19', 'Kellieburgh', 'animi', 'https://lorempixel.com/640/480/?58672', '2020-11-03 22:24:59'),
(4, '55348691', 'id', 'alessandro14@example.com', 'Qui tempora autem in harum. Consequatur pariatur et rerum provident accusantium aut tenetur ipsam.', '13.979', '-82.495', 6, 8, 1, '2019-11-24 05:51:19', '2019-11-24 05:51:19', 'South Roselyn', 'id', 'https://lorempixel.com/640/480/?81895', '2021-01-17 11:30:08'),
(5, '28082920', 'repudiandae', 'dtromp@example.net', 'Quidem tempora rerum dolorem quibusdam maiores. Ut dolores id nobis dolores qui qui ut omnis.', '-34.021', '-54.160', 5, 12, 1, '2019-11-24 05:51:19', '2019-11-24 05:51:19', 'New Fay', 'quo', 'https://lorempixel.com/640/480/?93692', '2021-02-09 14:47:30'),
(6, '19703601', 'facilis', 'stone02@example.net', 'Eum qui labore qui sint et dolorum nulla qui. Eos dolores deserunt incidunt. Qui iste qui adipisci sapiente ipsum.', '34.008', '56.060', 4, 72374338, 1, '2019-11-24 05:51:19', '2019-11-24 05:51:19', 'North Stephanie', 'est', 'https://lorempixel.com/640/480/?12130', '2021-09-12 01:32:56'),
(7, '983252', 'quis', 'marion82@example.org', 'Magni nesciunt debitis ut sint. Natus ex voluptatem tenetur accusamus. Reprehenderit illum dignissimos architecto.', '-152.265', '17.011', 6, 377714483, 1, '2019-11-24 05:51:19', '2019-11-24 05:51:19', 'South Shayneland', 'ipsam', 'https://lorempixel.com/640/480/?88402', '2021-11-06 15:43:45'),
(8, '90606610', 'delectus', 'gail.damore@example.com', 'Quia enim aspernatur ut culpa. Facilis at doloribus reprehenderit et voluptas.', '-108.589', '1.104', 0, 43085, 0, '2019-11-24 05:51:19', '2019-11-24 05:51:19', 'East Forrest', 'non', 'https://lorempixel.com/640/480/?72267', '2020-02-04 21:05:25'),
(9, '93472937', 'ipsa', 'cole.jadon@example.com', 'Aut sequi magni dolore sequi. Numquam quam non aliquam. Sapiente perferendis dolores temporibus ea.', '148.575', '-8.800', 4, 56, 1, '2019-11-24 05:51:19', '2019-11-24 05:51:19', 'Cristbury', 'aut', 'https://lorempixel.com/640/480/?98447', '2021-03-03 12:20:28'),
(10, '95018328', 'praesentium', 'sfeeney@example.org', 'Nobis consequatur quia aperiam vitae. Consequatur fugiat enim omnis a odio quia est itaque. Occaecati aut eveniet ab.', '-40.560', '-27.936', 2, 2, 1, '2019-11-24 05:51:19', '2019-11-24 05:51:19', 'Bashirianville', 'minima', 'https://lorempixel.com/640/480/?13690', '2020-05-11 01:48:13'),
(11, '76095777', 'doloribus', 'vbins@example.net', 'Vitae ut praesentium fuga esse ullam voluptatem animi. Veritatis aut nihil soluta consectetur ab ut tempora quaerat.', '10.146', '2.899', 4, 4714327, 1, '2019-11-24 05:51:19', '2019-11-24 05:51:19', 'Lake Frankie', 'id', 'https://lorempixel.com/640/480/?35078', '2020-07-05 15:30:05'),
(12, '99418311', 'quia', 'alicia.boyle@example.org', 'Cumque nihil id exercitationem voluptatem harum. Suscipit repudiandae et aperiam magni. Quis ex quisquam et quo.', '-44.655', '29.972', 8, 0, 1, '2019-11-24 05:51:19', '2019-11-24 05:51:19', 'Wymanton', 'ullam', 'https://lorempixel.com/640/480/?11994', '2021-01-31 23:50:13'),
(13, '12086817', 'facere', 'milton04@example.com', 'Error voluptas enim dolorum nesciunt. Quos ea qui maxime libero. Culpa quo perferendis ut esse quisquam nihil qui.', '89.819', '37.550', 5, 823183, 1, '2019-11-24 05:51:19', '2019-11-24 05:51:19', 'New Myrtis', 'ut', 'https://lorempixel.com/640/480/?46695', '2021-07-16 06:43:49'),
(14, '84753278', 'veritatis', 'dohara@example.net', 'Cumque possimus facilis dolorem. Ad amet corporis in rem labore ut. Qui eligendi ex rem iusto consectetur aut qui.', '16.465', '-87.041', 7, 40, 1, '2019-11-24 05:51:19', '2019-11-24 05:51:19', 'Kosshaven', 'omnis', 'https://lorempixel.com/640/480/?30852', '2020-04-10 22:54:57'),
(15, '38529087', 'dolor', 'levi.marvin@example.net', 'Sit voluptas dolores asperiores. Totam quo saepe omnis esse aut est illum. Magnam at dignissimos incidunt et corporis.', '106.430', '51.267', 1, 3143, 1, '2019-11-24 05:51:19', '2019-11-24 05:51:19', 'Lorineside', 'voluptatum', 'https://lorempixel.com/640/480/?61589', '2020-05-18 02:35:28');

-- --------------------------------------------------------

--
-- Structure de la table `suppliers`
--

CREATE TABLE `suppliers` (
  `id` int(11) NOT NULL,
  `name` varchar(255) DEFAULT NULL,
  `phone` varchar(255) DEFAULT NULL,
  `email` varchar(255) DEFAULT NULL,
  `active` tinyint(4) DEFAULT NULL,
  `created_at` datetime DEFAULT CURRENT_TIMESTAMP,
  `updated_at` datetime DEFAULT CURRENT_TIMESTAMP ON UPDATE CURRENT_TIMESTAMP,
  `logo` varchar(255) DEFAULT NULL
) ENGINE=InnoDB DEFAULT CHARSET=utf8;

--
-- Déchargement des données de la table `suppliers`
--

INSERT INTO `suppliers` (`id`, `name`, `phone`, `email`, `active`, `created_at`, `updated_at`, `logo`) VALUES
(1, 'vitae', '3065444', 'dubuque.marie@example.com', 1, '2019-11-24 05:51:19', '2019-11-24 05:51:19', 'https://upload.wikimedia.org/wikipedia/fr/thumb/e/e8/Shell_logo.svg/1200px-Shell_logo.svg.png'),
(2, 'omnis', '56237981', 'heaven86@example.com', 1, '2019-11-24 05:51:19', '2019-11-24 05:51:19', 'https://upload.wikimedia.org/wikipedia/fr/thumb/e/e8/Shell_logo.svg/1200px-Shell_logo.svg.png'),
(3, 'officia', '62204868', 'crawford.bogisich@example.net', 1, '2019-11-24 05:51:19', '2019-11-24 05:51:19', 'https://upload.wikimedia.org/wikipedia/fr/thumb/e/e8/Shell_logo.svg/1200px-Shell_logo.svg.png'),
(4, 'nihil', '8212315', 'pollich.jarvis@example.com', 0, '2019-11-24 05:51:19', '2019-11-24 05:51:19', 'https://upload.wikimedia.org/wikipedia/fr/thumb/e/e8/Shell_logo.svg/1200px-Shell_logo.svg.png'),
(5, 'iure', '38656857', 'valerie.harvey@example.net', 1, '2019-11-24 05:51:19', '2019-11-24 05:51:19', 'https://upload.wikimedia.org/wikipedia/fr/thumb/e/e8/Shell_logo.svg/1200px-Shell_logo.svg.png');

-- --------------------------------------------------------

--
-- Structure de la table `users`
--

CREATE TABLE `users` (
  `id` int(11) NOT NULL,
  `store_id` int(11) NOT NULL,
  `email` varchar(255) DEFAULT NULL,
  `phone` varchar(255) DEFAULT NULL,
  `password` varchar(255) DEFAULT NULL,
  `name` varchar(255) DEFAULT NULL,
  `role` varchar(255) DEFAULT NULL,
  `active` tinyint(4) DEFAULT NULL,
  `last_login` datetime DEFAULT NULL,
  `remember_token` varchar(255) DEFAULT NULL,
  `expire_at` datetime DEFAULT NULL,
  `created_at` datetime DEFAULT CURRENT_TIMESTAMP,
  `updated_at` datetime DEFAULT CURRENT_TIMESTAMP ON UPDATE CURRENT_TIMESTAMP,
  `status` varchar(255) DEFAULT NULL,
  `email_verified_at` datetime DEFAULT NULL,
  `api_token` varchar(255) DEFAULT NULL,
  `picture` varchar(255) DEFAULT NULL,
  `deleted_at` datetime DEFAULT NULL
) ENGINE=InnoDB DEFAULT CHARSET=utf8;

--
-- Déchargement des données de la table `users`
--

INSERT INTO `users` (`id`, `store_id`, `email`, `phone`, `password`, `name`, `role`, `active`, `last_login`, `remember_token`, `expire_at`, `created_at`, `updated_at`, `status`, `email_verified_at`, `api_token`, `picture`, `deleted_at`) VALUES
(1, 12, 'kuhlman.tremayne@example.org', '53829323', '$2y$10$0dpZXzoS/Zvg4FO21J03zej.p.eezaLk7dHQ1UqjYykB6ZbaO0LAm', 'Melany Herzog', 'MERCHANT', 1, '2019-11-21 02:54:15', 'YCgbQclP6J', '2021-07-15 18:52:47', '2019-11-24 05:51:21', '2019-11-24 05:51:21', 'BLOCKED', '2019-11-24 05:51:19', NULL, 'https://randomuser.me/api/portraits/men/10.jpg', NULL),
(2, 1, 'ykautzer@example.org', '48985549', '$2y$10$8A749Zcv9CBoUME29J66PeZpvGpu2P8.T5MpNnUz1/ptNbTJ1Vebu', 'Dr. Nedra Stanton PhD', 'ADMIN', 1, '2019-11-17 07:03:05', 'inEas4PHju', '2020-10-18 17:58:23', '2019-11-24 05:51:21', '2019-11-24 05:51:21', 'DELETED', '2019-11-24 05:51:19', NULL, 'https://randomuser.me/api/portraits/men/45.jpg', NULL),
(3, 11, 'elenora.goodwin@example.com', '5056548', '$2y$10$8rr8eXAxAbJ4.6FGuQoXHOOkqQHV4tNzcuR80XUq6C5eF7TW2Y792', 'Mitchell Rowe', 'MERCHANT', 0, '2019-11-23 17:14:34', '8bLAHqcj42', '2021-08-19 08:27:04', '2019-11-24 05:51:21', '2019-11-24 05:51:21', 'EXPIRE', '2019-11-24 05:51:19', NULL, 'https://randomuser.me/api/portraits/men/62.jpg', NULL),
(4, 11, 'fhirthe@example.com', '75038051', '$2y$10$6LwFZzNsR7SC0y6RsKnnsuUnvOZ.siGSb30QVLVZXdgA3M/wslL.2', 'Esperanza Rogahn', 'MERCHANT', 1, '2019-11-08 21:05:04', 'NWks0TDHn4', '2021-08-15 10:40:15', '2019-11-24 05:51:21', '2019-11-24 05:51:21', 'EXPIRE', '2019-11-24 05:51:19', NULL, 'https://randomuser.me/api/portraits/men/6.jpg', NULL),
(5, 14, 'ilarkin@example.net', '5866425', '$2y$10$vvt.h6qEY9ZocaaFhI1vVuVnqtZPibdB8w/5M65jbn6R1Ho3llFYa', 'Roy D\'Amore', 'MERCHANT', 0, '2019-11-09 09:47:21', 'rcv0fxOeCL', '2021-06-03 18:53:46', '2019-11-24 05:51:21', '2019-11-24 05:51:21', 'BLOCKED', '2019-11-24 05:51:19', NULL, 'https://randomuser.me/api/portraits/men/65.jpg', NULL),
(6, 4, 'delpha23@example.org', '45640075', '$2y$10$.htMj8IiP2N72P7Q88s17O8GfuBA/.1c24gqVIqfRb.GijV8Wm7a2', 'Gilberto Armstrong', 'MERCHANT', 1, '2019-10-25 15:27:24', 'btGQAhBwct', '2021-02-02 05:46:36', '2019-11-24 05:51:21', '2019-11-24 05:51:21', 'ACTIVE', '2019-11-24 05:51:19', NULL, 'https://randomuser.me/api/portraits/men/12.jpg', NULL),
(7, 11, 'dell.roob@example.org', '11476148', '$2y$10$rznnycPU85yimLFV4LbnZe5cgRWdAxe/I.crZQSqbLayLHTyySIS.', 'Prof. Kenny Jenkins', 'MERCHANT', 1, '2019-11-14 07:44:42', 'XOq3xbuGPR', '2020-06-02 17:31:39', '2019-11-24 05:51:21', '2019-11-24 05:51:21', 'EXPIRE', '2019-11-24 05:51:19', NULL, 'https://randomuser.me/api/portraits/men/43.jpg', NULL),
(8, 9, 'isadore.koss@example.com', '54458460', '$2y$10$88okWLL9P8y1iglyezwsSOxv5iwEDJAXmIVyYSF84jt8ayCyd/CP6', 'Lydia Boyer', 'MERCHANT', 1, '2019-10-30 07:58:07', 'XV8Q3HXCgg', '2020-02-07 06:06:03', '2019-11-24 05:51:21', '2019-11-24 05:51:21', 'BLOCKED', '2019-11-24 05:51:20', NULL, 'https://randomuser.me/api/portraits/men/28.jpg', NULL),
(9, 12, 'spencer.ethelyn@example.org', '68763545', '$2y$10$XhP9SkhXZPdSZJJILyM5XOsuVsFPc.0ir5iUyuxHgUzmsR9TwdKQW', 'Dr. Dean Russel', 'SUPERADMIN', 1, '2019-10-29 17:48:00', 'jI4LxW4pkM', '2021-03-28 02:51:14', '2019-11-24 05:51:21', '2019-11-24 05:51:21', 'BLOCKED', '2019-11-24 05:51:20', NULL, 'https://randomuser.me/api/portraits/men/71.jpg', NULL),
(10, 13, 'patricia51@example.com', '37591675', '$2y$10$80BI9CdSnwCTloOlXZlVG.vA.KJWAx1QZBvQUnzCCmVBmzfjCtql.', 'Mr. Denis Kautzer', 'ADMIN', 1, '2019-11-09 06:17:56', 'gjVs465EN9', '2020-06-13 01:33:00', '2019-11-24 05:51:21', '2019-11-24 05:51:21', 'BLOCKED', '2019-11-24 05:51:20', NULL, 'https://randomuser.me/api/portraits/men/34.jpg', NULL),
(11, 9, 'phyllis06@example.org', '60495772', '$2y$10$zUu24pYrmjgHF1ToJ1Y.feJQjSHNNJ8kccaE2jn4OSJnX/ilTl.5a', 'Kelli Stehr', 'ADMIN', 1, '2019-10-29 09:28:40', '0BlsbY5pLs', '2019-11-27 21:22:24', '2019-11-24 05:51:21', '2019-11-24 05:51:21', 'DELETED', '2019-11-24 05:51:20', NULL, 'https://randomuser.me/api/portraits/men/82.jpg', NULL),
(12, 6, 'grant.nelle@example.org', '82531702', '$2y$10$vGGs.0fi4B5kW0QSVaDSuenNfUueeyLZDA3of0VIUOTGPbD/YdQDu', 'Emelie Schmidt', 'MERCHANT', 0, '2019-11-18 12:58:40', 't6iScETBbI', '2020-11-06 04:36:02', '2019-11-24 05:51:21', '2019-11-24 05:51:21', 'EXPIRE', '2019-11-24 05:51:20', NULL, 'https://randomuser.me/api/portraits/men/68.jpg', NULL),
(13, 6, 'sterling57@example.com', '4261392', '$2y$10$JkyegWaVaRFOm4L/PzOF1eVgDlzPc8VS7SdjYB.46sPKixPJ.yhUy', 'Prof. Brody Wolf', 'SUPERADMIN', 1, '2019-11-24 04:26:29', 'n5YLNZFS50', '2020-01-03 15:06:00', '2019-11-24 05:51:21', '2019-11-24 05:51:21', 'BLOCKED', '2019-11-24 05:51:20', NULL, 'https://randomuser.me/api/portraits/men/32.jpg', NULL),
(14, 4, 'hamill.winifred@example.org', '28441781', '$2y$10$GYN5d6reDmAymSG355tiau7X55rT3ZSOZrl0Sva83zib5srscnb2y', 'Shanny Collier', 'SUPERADMIN', 1, '2019-10-27 22:33:58', 'vVrGjb40Wr', '2021-11-09 00:40:37', '2019-11-24 05:51:21', '2019-11-24 05:51:21', 'EXPIRE', '2019-11-24 05:51:20', NULL, 'https://randomuser.me/api/portraits/men/88.jpg', NULL),
(15, 9, 'ward.freddy@example.com', '35246078', '$2y$10$d5WQkmXlcr4PERSMLVr6dOvrWO/2.rjxo39U3izPudHVfCPJtgM82', 'Dr. Bennie Blanda V', 'SUPERADMIN', 1, '2019-11-11 16:44:02', 'bb2rvbTssB', '2021-02-22 01:31:44', '2019-11-24 05:51:21', '2019-11-24 05:51:21', 'BLOCKED', '2019-11-24 05:51:20', NULL, 'https://randomuser.me/api/portraits/men/38.jpg', NULL),
(16, 5, 'bbreezy4u@gmail.com', '29218187', '$2y$10$PuT.0jI.LaK4iKylZFaZxOgakJI9kt8Jmi5GyFI41JUazJoYb0gwK', 'Prof. Heath Heaney', 'MERCHANT', 0, '2019-12-02 09:11:33', 'SQT1hJesf9', '2021-10-27 11:00:24', '2019-11-24 05:51:21', '2019-12-02 09:11:33', 'EXPIRE', '2019-11-24 05:51:20', NULL, 'https://randomuser.me/api/portraits/men/5.jpg', NULL),
(17, 5, 'maggie.koelpin@example.com', '70700208', '$2y$10$Vk23WZUsMOVeVEWZrxPXN.VPkvYu8AtQaQgSofCerVw.UKT2SZ.va', 'Maximillia Denesik II', 'MERCHANT', 0, '2019-11-18 17:31:00', 'HDuyaIutgb', '2020-03-13 02:33:38', '2019-11-24 05:51:21', '2019-11-24 05:51:21', 'DEACTIVATED', '2019-11-24 05:51:20', NULL, 'https://randomuser.me/api/portraits/men/52.jpg', NULL),
(18, 1, 'sidney43@example.net', '96044433', '$2y$10$v84Z8AFULfBFdZLEGRS3ruwJz9rpCF32P3SC76iYa8rhP08a.KGmG', 'Isidro Watsica Jr.', 'MERCHANT', 1, '2019-11-13 10:55:45', 'wxLxJwdKkh', '2020-06-18 11:38:36', '2019-11-24 05:51:21', '2019-11-24 05:51:21', 'BLOCKED', '2019-11-24 05:51:20', NULL, 'https://randomuser.me/api/portraits/men/7.jpg', NULL),
(19, 9, 'lorena28@example.net', '65825181', '$2y$10$p8//oEaJnAYASa3ufBrQLOgLDuh1f18fuZ89gHTLP/Yu6k2yi73eW', 'Willis Schoen III', 'SUPERADMIN', 0, '2019-11-09 01:17:53', '8NoMEYCG9nO0vDfhDJa51rrMZJtYtAKWVapkwI0TM0c25XEdaG6I5ufStODO', '2020-04-25 10:43:58', '2019-11-24 05:51:21', '2019-11-24 05:51:49', 'EXPIRE', '2019-11-24 05:51:20', NULL, 'https://randomuser.me/api/portraits/men/23.jpg', NULL),
(20, 13, 'yondricka@example.net', '38736208', '$2y$10$0Vsxtj3dS0IRZXZM7abx1eTSteGj0v6y4RueEO7JxU8vD08VAahPC', 'Mr. Nicola Effertz', 'ADMIN', 0, '2019-11-22 08:37:43', 'ejofE98pQM', '2020-01-20 02:57:23', '2019-11-24 05:51:21', '2019-11-24 05:51:21', 'DEACTIVATED', '2019-11-24 05:51:20', NULL, 'https://randomuser.me/api/portraits/men/54.jpg', NULL),
(21, 3, 'auer.thomas@example.org', '90411259', '$2y$10$vxafd3.B2tTEXhQa1YRNuu3491gMPcYHVvFFOcYvtt78uhmCv.Dee', 'Malcolm Swaniawski Sr.', 'ADMIN', 0, '2019-11-22 18:29:34', 'zrrpkrOUK6', '2020-10-10 08:42:51', '2019-11-24 05:51:21', '2019-11-24 05:51:21', 'EXPIRE', '2019-11-24 05:51:20', NULL, 'https://randomuser.me/api/portraits/men/64.jpg', NULL),
(22, 3, 'bbreezy4u@gmail.comm', '56064249', '$2y$10$bSFQGQPlhjiFjpvznCTV2eLDfTH5oxgE9IZhdozPkW3bqKukAXpEe', 'Prof. Nathan Erdman II', 'MERCHANT', 0, '2019-11-24 16:04:42', '6HglW1meJQvXvCZjY0pTtXzhL3gNmppw52lwbrqBsxN7oDueo8gaqEV6jfoR', '2020-08-03 12:44:27', '2019-11-24 05:51:21', '2019-11-24 16:48:23', 'EXPIRE', '2019-11-24 05:51:20', NULL, 'https://randomuser.me/api/portraits/men/63.jpg', NULL),
(23, 2, 'nils60@example.org', '90264495', '$2y$10$1/GDZBt/Z4OTwdjiVIGV3e4zKcgYj1OpwFkcOG09RAGkwjCj5X0Mi', 'Prof. Hilton Balistreri IV', 'ADMIN', 1, '2019-10-25 21:27:22', 'gnHadzvw9g', '2020-03-14 23:42:07', '2019-11-24 05:51:21', '2019-11-24 05:51:21', 'DEACTIVATED', '2019-11-24 05:51:21', NULL, 'https://randomuser.me/api/portraits/men/20.jpg', NULL),
(24, 15, 'metz.elenor@example.net', '80712359', '$2y$10$.DOlviXUv0LBHAn/hq63J.w.WVaytsZ06ZKU.K2X0BRCkoc2fepDK', 'Camylle Brown', 'ADMIN', 0, '2019-10-29 06:49:02', '2qhchAlzMk', '2020-02-25 11:13:39', '2019-11-24 05:51:21', '2019-11-24 05:51:21', 'BLOCKED', '2019-11-24 05:51:21', NULL, 'https://randomuser.me/api/portraits/men/70.jpg', NULL),
(25, 11, 'abdul.runolfsson@example.net', '64386397', '$2y$10$qXPrZE6O8eTLannVJ2Zzx.XweJO/t9Ggp.vMhaEUZ8qZQQG1C9a4W', 'Charles Stroman', 'MERCHANT', 0, '2019-10-30 19:58:50', 'UrhYDPZaQn', '2020-03-03 13:49:25', '2019-11-24 05:51:21', '2019-11-24 05:51:21', 'DELETED', '2019-11-24 05:51:21', NULL, 'https://randomuser.me/api/portraits/men/69.jpg', NULL),
(26, 5, 'conor.wiegand@example.com', '86656587', '$2y$10$nVCDIdYAQu0cQtcHlmgpSuIfcry0x6juITlFjTUTnm4qJprNVIgM6', 'Patrick', 'MERCHANT', 1, NULL, NULL, '2019-11-24 17:11:00', '2019-11-24 17:11:00', '2019-11-24 17:11:00', 'ACTIVE', NULL, NULL, NULL, NULL),
(27, 5, 'gerard22@example.org', '86656590', '$2y$10$7n0XzhOJxGFJ1q0cOBEuMOAQtHfa6EcR984zdSg/V4VHxd91LrQou', 'john', 'MERCHANT', 1, NULL, NULL, '2019-11-24 17:20:44', '2019-11-24 17:20:44', '2019-11-24 17:20:44', 'ACTIVE', NULL, NULL, NULL, NULL);

--
-- Index pour les tables déchargées
--

--
-- Index pour la table `customers`
--
ALTER TABLE `customers`
  ADD PRIMARY KEY (`id`);

--
-- Index pour la table `hours`
--
ALTER TABLE `hours`
  ADD PRIMARY KEY (`id`),
  ADD KEY `fk_hours_stores1_idx` (`store_id`);

--
-- Index pour la table `logs`
--
ALTER TABLE `logs`
  ADD PRIMARY KEY (`id`),
  ADD KEY `fk_logs_users1_idx` (`user_id`);

--
-- Index pour la table `offered_services`
--
ALTER TABLE `offered_services`
  ADD PRIMARY KEY (`id`),
  ADD KEY `fk_offered_services_services1_idx` (`service_id`),
  ADD KEY `fk_offered_services_stores1_idx` (`store_id`);

--
-- Index pour la table `orders`
--
ALTER TABLE `orders`
  ADD PRIMARY KEY (`id`),
  ADD KEY `fk_orders_customers1_idx` (`customer_id`);

--
-- Index pour la table `order_details`
--
ALTER TABLE `order_details`
  ADD PRIMARY KEY (`id`),
  ADD KEY `fk_product_orders_orders1_idx` (`order_id`),
  ADD KEY `fk_product_orders_stocks1_idx` (`stock_id`);

--
-- Index pour la table `payments`
--
ALTER TABLE `payments`
  ADD PRIMARY KEY (`id`);

--
-- Index pour la table `products`
--
ALTER TABLE `products`
  ADD PRIMARY KEY (`id`),
  ADD KEY `fk_products_suppliers1_idx` (`supplier_id`);

--
-- Index pour la table `services`
--
ALTER TABLE `services`
  ADD PRIMARY KEY (`id`);

--
-- Index pour la table `stocks`
--
ALTER TABLE `stocks`
  ADD PRIMARY KEY (`id`),
  ADD KEY `fk_stores_products_products1_idx` (`product_id`),
  ADD KEY `fk_stores_products_stores1_idx` (`store_id`);

--
-- Index pour la table `stores`
--
ALTER TABLE `stores`
  ADD PRIMARY KEY (`id`);

--
-- Index pour la table `suppliers`
--
ALTER TABLE `suppliers`
  ADD PRIMARY KEY (`id`);

--
-- Index pour la table `users`
--
ALTER TABLE `users`
  ADD PRIMARY KEY (`id`),
  ADD KEY `fk_users_stores1_idx` (`store_id`);

--
-- AUTO_INCREMENT pour les tables déchargées
--

--
-- AUTO_INCREMENT pour la table `customers`
--
ALTER TABLE `customers`
  MODIFY `id` int(11) NOT NULL AUTO_INCREMENT, AUTO_INCREMENT=61;

--
-- AUTO_INCREMENT pour la table `hours`
--
ALTER TABLE `hours`
  MODIFY `id` int(11) NOT NULL AUTO_INCREMENT;

--
-- AUTO_INCREMENT pour la table `logs`
--
ALTER TABLE `logs`
  MODIFY `id` int(11) NOT NULL AUTO_INCREMENT, AUTO_INCREMENT=51;

--
-- AUTO_INCREMENT pour la table `offered_services`
--
ALTER TABLE `offered_services`
  MODIFY `id` int(11) NOT NULL AUTO_INCREMENT, AUTO_INCREMENT=31;

--
-- AUTO_INCREMENT pour la table `orders`
--
ALTER TABLE `orders`
  MODIFY `id` bigint(20) NOT NULL AUTO_INCREMENT, AUTO_INCREMENT=1201;

--
-- AUTO_INCREMENT pour la table `order_details`
--
ALTER TABLE `order_details`
  MODIFY `id` int(11) NOT NULL AUTO_INCREMENT, AUTO_INCREMENT=1201;

--
-- AUTO_INCREMENT pour la table `payments`
--
ALTER TABLE `payments`
  MODIFY `id` int(11) NOT NULL AUTO_INCREMENT;

--
-- AUTO_INCREMENT pour la table `products`
--
ALTER TABLE `products`
  MODIFY `id` int(11) NOT NULL AUTO_INCREMENT, AUTO_INCREMENT=6;

--
-- AUTO_INCREMENT pour la table `services`
--
ALTER TABLE `services`
  MODIFY `id` int(11) NOT NULL AUTO_INCREMENT, AUTO_INCREMENT=5;

--
-- AUTO_INCREMENT pour la table `stocks`
--
ALTER TABLE `stocks`
  MODIFY `id` int(11) NOT NULL AUTO_INCREMENT, AUTO_INCREMENT=31;

--
-- AUTO_INCREMENT pour la table `stores`
--
ALTER TABLE `stores`
  MODIFY `id` int(11) NOT NULL AUTO_INCREMENT, AUTO_INCREMENT=16;

--
-- AUTO_INCREMENT pour la table `suppliers`
--
ALTER TABLE `suppliers`
  MODIFY `id` int(11) NOT NULL AUTO_INCREMENT, AUTO_INCREMENT=6;

--
-- AUTO_INCREMENT pour la table `users`
--
ALTER TABLE `users`
  MODIFY `id` int(11) NOT NULL AUTO_INCREMENT, AUTO_INCREMENT=28;

--
-- Contraintes pour les tables déchargées
--

--
-- Contraintes pour la table `hours`
--
ALTER TABLE `hours`
  ADD CONSTRAINT `fk_hours_stores1` FOREIGN KEY (`store_id`) REFERENCES `stores` (`id`) ON DELETE NO ACTION ON UPDATE CASCADE;

--
-- Contraintes pour la table `logs`
--
ALTER TABLE `logs`
  ADD CONSTRAINT `fk_logs_users1` FOREIGN KEY (`user_id`) REFERENCES `users` (`id`) ON DELETE NO ACTION ON UPDATE CASCADE;

--
-- Contraintes pour la table `offered_services`
--
ALTER TABLE `offered_services`
  ADD CONSTRAINT `fk_offered_services_services1` FOREIGN KEY (`service_id`) REFERENCES `services` (`id`) ON DELETE NO ACTION ON UPDATE CASCADE,
  ADD CONSTRAINT `fk_offered_services_stores1` FOREIGN KEY (`store_id`) REFERENCES `stores` (`id`) ON DELETE NO ACTION ON UPDATE CASCADE;

--
-- Contraintes pour la table `orders`
--
ALTER TABLE `orders`
  ADD CONSTRAINT `fk_orders_customers1` FOREIGN KEY (`customer_id`) REFERENCES `customers` (`id`) ON DELETE NO ACTION ON UPDATE CASCADE;

--
-- Contraintes pour la table `order_details`
--
ALTER TABLE `order_details`
  ADD CONSTRAINT `fk_product_orders_orders1` FOREIGN KEY (`order_id`) REFERENCES `orders` (`id`) ON DELETE NO ACTION ON UPDATE CASCADE,
  ADD CONSTRAINT `fk_product_orders_stocks1` FOREIGN KEY (`stock_id`) REFERENCES `stocks` (`id`) ON DELETE NO ACTION ON UPDATE CASCADE;

--
-- Contraintes pour la table `products`
--
ALTER TABLE `products`
  ADD CONSTRAINT `fk_products_suppliers1` FOREIGN KEY (`supplier_id`) REFERENCES `suppliers` (`id`) ON DELETE NO ACTION ON UPDATE CASCADE;

--
-- Contraintes pour la table `stocks`
--
ALTER TABLE `stocks`
  ADD CONSTRAINT `fk_stores_products_products1` FOREIGN KEY (`product_id`) REFERENCES `products` (`id`) ON DELETE NO ACTION ON UPDATE CASCADE,
  ADD CONSTRAINT `fk_stores_products_stores1` FOREIGN KEY (`store_id`) REFERENCES `stores` (`id`) ON DELETE NO ACTION ON UPDATE CASCADE;

--
-- Contraintes pour la table `users`
--
ALTER TABLE `users`
  ADD CONSTRAINT `fk_users_stores1` FOREIGN KEY (`store_id`) REFERENCES `stores` (`id`) ON DELETE NO ACTION ON UPDATE CASCADE;
SET FOREIGN_KEY_CHECKS=1;
